file,line,type,commit,author,date,time,timezone,datetime,depth,length
style.css,1,css,4f22abaa,Jimxthy,2025-04-11,19:33:35,-07:00,2025-04-11T19:33:35-07:00,0,6
style.css,2,css,4f22abaa,Jimxthy,2025-04-11,19:33:35,-07:00,2025-04-11T19:33:35-07:00,0,32
style.css,3,css,4f22abaa,Jimxthy,2025-04-11,19:33:35,-07:00,2025-04-11T19:33:35-07:00,0,33
style.css,4,css,c093b268,Jimxthy,2025-04-18,20:12:37,-07:00,2025-04-18T20:12:37-07:00,0,24
style.css,5,css,4f22abaa,Jimxthy,2025-04-11,19:33:35,-07:00,2025-04-11T19:33:35-07:00,0,0
style.css,6,css,4f22abaa,Jimxthy,2025-04-11,19:33:35,-07:00,2025-04-11T19:33:35-07:00,0,0
style.css,7,css,018651ce,Jimxthy,2025-04-03,17:20:32,-07:00,2025-04-03T17:20:32-07:00,0,5
style.css,8,css,018651ce,Jimxthy,2025-04-03,17:20:32,-07:00,2025-04-03T17:20:32-07:00,0,44
style.css,9,css,018651ce,Jimxthy,2025-04-03,17:20:32,-07:00,2025-04-03T17:20:32-07:00,0,46
style.css,10,css,018651ce,Jimxthy,2025-04-03,17:20:32,-07:00,2025-04-03T17:20:32-07:00,0,24
style.css,11,css,4f22abaa,Jimxthy,2025-04-11,19:33:35,-07:00,2025-04-11T19:33:35-07:00,0,17
style.css,12,css,4f22abaa,Jimxthy,2025-04-11,19:33:35,-07:00,2025-04-11T19:33:35-07:00,0,44
style.css,13,css,4f22abaa,Jimxthy,2025-04-11,19:33:35,-07:00,2025-04-11T19:33:35-07:00,0,0
style.css,14,css,4f22abaa,Jimxthy,2025-04-11,19:33:35,-07:00,2025-04-11T19:33:35-07:00,0,0
style.css,15,css,4f22abaa,Jimxthy,2025-04-11,19:33:35,-07:00,2025-04-11T19:33:35-07:00,0,7
style.css,16,css,4f22abaa,Jimxthy,2025-04-11,19:33:35,-07:00,2025-04-11T19:33:35-07:00,0,16
style.css,17,css,4f22abaa,Jimxthy,2025-04-11,19:33:35,-07:00,2025-04-11T19:33:35-07:00,0,0
style.css,18,css,4f22abaa,Jimxthy,2025-04-11,19:33:35,-07:00,2025-04-11T19:33:35-07:00,0,0
style.css,19,css,4f22abaa,Jimxthy,2025-04-11,19:33:35,-07:00,2025-04-11T19:33:35-07:00,0,4
style.css,20,css,37c8c9af,Jimxthy,2025-04-18,19:52:19,-07:00,2025-04-18T19:52:19-07:00,0,40
style.css,21,css,4f22abaa,Jimxthy,2025-04-11,19:33:35,-07:00,2025-04-11T19:33:35-07:00,0,12
style.css,22,css,4f22abaa,Jimxthy,2025-04-11,19:33:35,-07:00,2025-04-11T19:33:35-07:00,0,20
style.css,23,css,b5863151,Jimxthy,2025-04-18,21:44:14,-07:00,2025-04-18T21:44:14-07:00,0,44
style.css,24,css,37c8c9af,Jimxthy,2025-04-18,19:52:19,-07:00,2025-04-18T19:52:19-07:00,0,0
style.css,25,css,4f22abaa,Jimxthy,2025-04-11,19:33:35,-07:00,2025-04-11T19:33:35-07:00,0,0
style.css,26,css,4f22abaa,Jimxthy,2025-04-11,19:33:35,-07:00,2025-04-11T19:33:35-07:00,0,0
style.css,27,css,4f22abaa,Jimxthy,2025-04-11,19:33:35,-07:00,2025-04-11T19:33:35-07:00,0,6
style.css,28,css,4f22abaa,Jimxthy,2025-04-11,19:33:35,-07:00,2025-04-11T19:33:35-07:00,0,7
style.css,29,css,4f22abaa,Jimxthy,2025-04-11,19:33:35,-07:00,2025-04-11T19:33:35-07:00,0,21
style.css,30,css,4f22abaa,Jimxthy,2025-04-11,19:33:35,-07:00,2025-04-11T19:33:35-07:00,0,14
style.css,31,css,4f22abaa,Jimxthy,2025-04-11,19:33:35,-07:00,2025-04-11T19:33:35-07:00,0,17
style.css,32,css,4f22abaa,Jimxthy,2025-04-11,19:33:35,-07:00,2025-04-11T19:33:35-07:00,0,12
style.css,33,css,4f22abaa,Jimxthy,2025-04-11,19:33:35,-07:00,2025-04-11T19:33:35-07:00,0,0
style.css,34,css,4f22abaa,Jimxthy,2025-04-11,19:33:35,-07:00,2025-04-11T19:33:35-07:00,0,0
style.css,35,css,4f22abaa,Jimxthy,2025-04-11,19:33:35,-07:00,2025-04-11T19:33:35-07:00,0,0
style.css,36,css,4f22abaa,Jimxthy,2025-04-11,19:33:35,-07:00,2025-04-11T19:33:35-07:00,0,13
style.css,37,css,37c8c9af,Jimxthy,2025-04-18,19:52:19,-07:00,2025-04-18T19:52:19-07:00,0,45
style.css,38,css,4f22abaa,Jimxthy,2025-04-11,19:33:35,-07:00,2025-04-11T19:33:35-07:00,0,20
style.css,39,css,4f22abaa,Jimxthy,2025-04-11,19:33:35,-07:00,2025-04-11T19:33:35-07:00,0,0
style.css,40,css,4f22abaa,Jimxthy,2025-04-11,19:33:35,-07:00,2025-04-11T19:33:35-07:00,0,0
style.css,41,css,4f22abaa,Jimxthy,2025-04-11,19:33:35,-07:00,2025-04-11T19:33:35-07:00,0,12
style.css,42,css,4f22abaa,Jimxthy,2025-04-11,19:33:35,-07:00,2025-04-11T19:33:35-07:00,0,46
style.css,43,css,4f22abaa,Jimxthy,2025-04-11,19:33:35,-07:00,2025-04-11T19:33:35-07:00,0,21
style.css,44,css,4f22abaa,Jimxthy,2025-04-11,19:33:35,-07:00,2025-04-11T19:33:35-07:00,0,0
style.css,45,css,4f22abaa,Jimxthy,2025-04-11,19:33:35,-07:00,2025-04-11T19:33:35-07:00,0,0
style.css,46,css,4f22abaa,Jimxthy,2025-04-11,19:33:35,-07:00,2025-04-11T19:33:35-07:00,0,5
style.css,47,css,4f22abaa,Jimxthy,2025-04-11,19:33:35,-07:00,2025-04-11T19:33:35-07:00,0,8
style.css,48,css,4f22abaa,Jimxthy,2025-04-11,19:33:35,-07:00,2025-04-11T19:33:35-07:00,0,6
style.css,49,css,4f22abaa,Jimxthy,2025-04-11,19:33:35,-07:00,2025-04-11T19:33:35-07:00,0,7
style.css,50,css,4f22abaa,Jimxthy,2025-04-11,19:33:35,-07:00,2025-04-11T19:33:35-07:00,0,13
style.css,51,css,4f22abaa,Jimxthy,2025-04-11,19:33:35,-07:00,2025-04-11T19:33:35-07:00,0,0
style.css,52,css,4f22abaa,Jimxthy,2025-04-11,19:33:35,-07:00,2025-04-11T19:33:35-07:00,0,0
style.css,53,css,4f22abaa,Jimxthy,2025-04-11,19:33:35,-07:00,2025-04-11T19:33:35-07:00,0,5
style.css,54,css,4f22abaa,Jimxthy,2025-04-11,19:33:35,-07:00,2025-04-11T19:33:35-07:00,0,12
style.css,55,css,4f22abaa,Jimxthy,2025-04-11,19:33:35,-07:00,2025-04-11T19:33:35-07:00,0,31
style.css,56,css,4f22abaa,Jimxthy,2025-04-11,19:33:35,-07:00,2025-04-11T19:33:35-07:00,0,7
style.css,57,css,4f22abaa,Jimxthy,2025-04-11,19:33:35,-07:00,2025-04-11T19:33:35-07:00,0,0
style.css,58,css,4f22abaa,Jimxthy,2025-04-11,19:33:35,-07:00,2025-04-11T19:33:35-07:00,0,0
style.css,59,css,4f22abaa,Jimxthy,2025-04-11,19:33:35,-07:00,2025-04-11T19:33:35-07:00,0,6
style.css,60,css,4f22abaa,Jimxthy,2025-04-11,19:33:35,-07:00,2025-04-11T19:33:35-07:00,0,12
style.css,61,css,4f22abaa,Jimxthy,2025-04-11,19:33:35,-07:00,2025-04-11T19:33:35-07:00,0,30
style.css,62,css,4f22abaa,Jimxthy,2025-04-11,19:33:35,-07:00,2025-04-11T19:33:35-07:00,0,16
style.css,63,css,4f22abaa,Jimxthy,2025-04-11,19:33:35,-07:00,2025-04-11T19:33:35-07:00,0,0
style.css,64,css,4f22abaa,Jimxthy,2025-04-11,19:33:35,-07:00,2025-04-11T19:33:35-07:00,0,0
style.css,65,css,4f22abaa,Jimxthy,2025-04-11,19:33:35,-07:00,2025-04-11T19:33:35-07:00,0,7
style.css,66,css,4f22abaa,Jimxthy,2025-04-11,19:33:35,-07:00,2025-04-11T19:33:35-07:00,0,16
style.css,67,css,4f22abaa,Jimxthy,2025-04-11,19:33:35,-07:00,2025-04-11T19:33:35-07:00,0,0
style.css,68,css,4f22abaa,Jimxthy,2025-04-11,19:33:35,-07:00,2025-04-11T19:33:35-07:00,0,0
style.css,69,css,4f22abaa,Jimxthy,2025-04-11,19:33:35,-07:00,2025-04-11T19:33:35-07:00,0,0
style.css,70,css,4f22abaa,Jimxthy,2025-04-11,19:33:35,-07:00,2025-04-11T19:33:35-07:00,0,10
style.css,71,css,4f22abaa,Jimxthy,2025-04-11,19:33:35,-07:00,2025-04-11T19:33:35-07:00,0,12
style.css,72,css,4f22abaa,Jimxthy,2025-04-11,19:33:35,-07:00,2025-04-11T19:33:35-07:00,0,59
style.css,73,css,4f22abaa,Jimxthy,2025-04-11,19:33:35,-07:00,2025-04-11T19:33:35-07:00,0,0
style.css,74,css,4f22abaa,Jimxthy,2025-04-11,19:33:35,-07:00,2025-04-11T19:33:35-07:00,0,0
style.css,75,css,4f22abaa,Jimxthy,2025-04-11,19:33:35,-07:00,2025-04-11T19:33:35-07:00,0,8
style.css,76,css,4f22abaa,Jimxthy,2025-04-11,19:33:35,-07:00,2025-04-11T19:33:35-07:00,0,26
style.css,77,css,4f22abaa,Jimxthy,2025-04-11,19:33:35,-07:00,2025-04-11T19:33:35-07:00,0,15
style.css,78,css,4f22abaa,Jimxthy,2025-04-11,19:33:35,-07:00,2025-04-11T19:33:35-07:00,0,7
style.css,79,css,4f22abaa,Jimxthy,2025-04-11,19:33:35,-07:00,2025-04-11T19:33:35-07:00,0,0
style.css,80,css,4f22abaa,Jimxthy,2025-04-11,19:33:35,-07:00,2025-04-11T19:33:35-07:00,0,0
style.css,81,css,4f22abaa,Jimxthy,2025-04-11,19:33:35,-07:00,2025-04-11T19:33:35-07:00,0,3
style.css,82,css,4f22abaa,Jimxthy,2025-04-11,19:33:35,-07:00,2025-04-11T19:33:35-07:00,0,8
style.css,83,css,4f22abaa,Jimxthy,2025-04-11,19:33:35,-07:00,2025-04-11T19:33:35-07:00,0,0
style.css,84,css,4f22abaa,Jimxthy,2025-04-11,19:33:35,-07:00,2025-04-11T19:33:35-07:00,0,0
style.css,85,css,4f22abaa,Jimxthy,2025-04-11,19:33:35,-07:00,2025-04-11T19:33:35-07:00,0,3
style.css,86,css,4f22abaa,Jimxthy,2025-04-11,19:33:35,-07:00,2025-04-11T19:33:35-07:00,0,15
style.css,87,css,4f22abaa,Jimxthy,2025-04-11,19:33:35,-07:00,2025-04-11T19:33:35-07:00,0,0
style.css,88,css,4f22abaa,Jimxthy,2025-04-11,19:33:35,-07:00,2025-04-11T19:33:35-07:00,0,0
style.css,89,css,4f22abaa,Jimxthy,2025-04-11,19:33:35,-07:00,2025-04-11T19:33:35-07:00,0,23
style.css,90,css,4f22abaa,Jimxthy,2025-04-11,19:33:35,-07:00,2025-04-11T19:33:35-07:00,0,16
style.css,91,css,4f22abaa,Jimxthy,2025-04-11,19:33:35,-07:00,2025-04-11T19:33:35-07:00,0,18
style.css,92,css,4f22abaa,Jimxthy,2025-04-11,19:33:35,-07:00,2025-04-11T19:33:35-07:00,0,19
style.css,93,css,4f22abaa,Jimxthy,2025-04-11,19:33:35,-07:00,2025-04-11T19:33:35-07:00,0,0
style.css,94,css,9baf072b,Jimxthy,2025-04-18,20:20:42,-07:00,2025-04-18T20:20:42-07:00,0,0
style.css,95,css,9baf072b,Jimxthy,2025-04-18,20:20:42,-07:00,2025-04-18T20:20:42-07:00,0,14
style.css,96,css,9baf072b,Jimxthy,2025-04-18,20:20:42,-07:00,2025-04-18T20:20:42-07:00,0,18
style.css,97,css,9baf072b,Jimxthy,2025-04-18,20:20:42,-07:00,2025-04-18T20:20:42-07:00,0,9
style.css,98,css,9baf072b,Jimxthy,2025-04-18,20:20:42,-07:00,2025-04-18T20:20:42-07:00,0,11
style.css,99,css,9baf072b,Jimxthy,2025-04-18,20:20:42,-07:00,2025-04-18T20:20:42-07:00,0,43
style.css,100,css,9baf072b,Jimxthy,2025-04-18,20:20:42,-07:00,2025-04-18T20:20:42-07:00,0,0
style.css,101,css,2547d312,Jimxthy,2025-04-25,19:52:19,-07:00,2025-04-25T19:52:19-07:00,0,0
style.css,102,css,2547d312,Jimxthy,2025-04-25,19:52:19,-07:00,2025-04-25T19:52:19-07:00,0,3
style.css,103,css,2547d312,Jimxthy,2025-04-25,19:52:19,-07:00,2025-04-25T19:52:19-07:00,0,13
style.css,104,css,2547d312,Jimxthy,2025-04-25,19:52:19,-07:00,2025-04-25T19:52:19-07:00,0,62
style.css,105,css,2547d312,Jimxthy,2025-04-25,19:52:19,-07:00,2025-04-25T19:52:19-07:00,0,32
style.css,106,css,2547d312,Jimxthy,2025-04-25,19:52:19,-07:00,2025-04-25T19:52:19-07:00,0,0
style.css,107,css,2547d312,Jimxthy,2025-04-25,19:52:19,-07:00,2025-04-25T19:52:19-07:00,0,0
style.css,108,css,2547d312,Jimxthy,2025-04-25,19:52:19,-07:00,2025-04-25T19:52:19-07:00,0,3
style.css,109,css,2547d312,Jimxthy,2025-04-25,19:52:19,-07:00,2025-04-25T19:52:19-07:00,0,55
style.css,110,css,2547d312,Jimxthy,2025-04-25,19:52:19,-07:00,2025-04-25T19:52:19-07:00,0,0
style.css,111,css,2547d312,Jimxthy,2025-04-25,19:52:19,-07:00,2025-04-25T19:52:19-07:00,0,0
style.css,112,css,2547d312,Jimxthy,2025-04-25,19:52:19,-07:00,2025-04-25T19:52:19-07:00,0,3
style.css,113,css,2547d312,Jimxthy,2025-04-25,19:52:19,-07:00,2025-04-25T19:52:19-07:00,0,56
style.css,114,css,2547d312,Jimxthy,2025-04-25,19:52:19,-07:00,2025-04-25T19:52:19-07:00,0,0
style.css,115,css,e5efed7c,Jimxthy,2025-05-02,20:36:52,-07:00,2025-05-02T20:36:52-07:00,0,0
style.css,116,css,e5efed7c,Jimxthy,2025-05-02,20:36:52,-07:00,2025-05-02T20:36:52-07:00,0,0
style.css,117,css,e5efed7c,Jimxthy,2025-05-02,20:36:52,-07:00,2025-05-02T20:36:52-07:00,0,0
style.css,118,css,e5efed7c,Jimxthy,2025-05-02,20:36:52,-07:00,2025-05-02T20:36:52-07:00,0,4
style.css,119,css,e5efed7c,Jimxthy,2025-05-02,20:36:52,-07:00,2025-05-02T20:36:52-07:00,0,12
style.css,120,css,e5efed7c,Jimxthy,2025-05-02,20:36:52,-07:00,2025-05-02T20:36:52-07:00,0,13
style.css,121,css,e5efed7c,Jimxthy,2025-05-02,20:36:52,-07:00,2025-05-02T20:36:52-07:00,0,14
style.css,122,css,e5efed7c,Jimxthy,2025-05-02,20:36:52,-07:00,2025-05-02T20:36:52-07:00,0,0
style.css,123,css,e5efed7c,Jimxthy,2025-05-02,20:36:52,-07:00,2025-05-02T20:36:52-07:00,0,0
style.css,124,css,e5efed7c,Jimxthy,2025-05-02,20:36:52,-07:00,2025-05-02T20:36:52-07:00,0,11
style.css,125,css,e5efed7c,Jimxthy,2025-05-02,20:36:52,-07:00,2025-05-02T20:36:52-07:00,0,13
style.css,126,css,e5efed7c,Jimxthy,2025-05-02,20:36:52,-07:00,2025-05-02T20:36:52-07:00,0,27
style.css,127,css,e5efed7c,Jimxthy,2025-05-02,20:36:52,-07:00,2025-05-02T20:36:52-07:00,0,19
style.css,128,css,e5efed7c,Jimxthy,2025-05-02,20:36:52,-07:00,2025-05-02T20:36:52-07:00,0,8
style.css,129,css,e5efed7c,Jimxthy,2025-05-02,20:36:52,-07:00,2025-05-02T20:36:52-07:00,0,15
style.css,130,css,e5efed7c,Jimxthy,2025-05-02,20:36:52,-07:00,2025-05-02T20:36:52-07:00,0,15
style.css,131,css,e5efed7c,Jimxthy,2025-05-02,20:36:52,-07:00,2025-05-02T20:36:52-07:00,0,0
style.css,132,css,e5efed7c,Jimxthy,2025-05-02,20:36:52,-07:00,2025-05-02T20:36:52-07:00,0,0
style.css,133,css,e5efed7c,Jimxthy,2025-05-02,20:36:52,-07:00,2025-05-02T20:36:52-07:00,0,8
style.css,134,css,e5efed7c,Jimxthy,2025-05-02,20:36:52,-07:00,2025-05-02T20:36:52-07:00,0,13
style.css,135,css,e5efed7c,Jimxthy,2025-05-02,20:36:52,-07:00,2025-05-02T20:36:52-07:00,0,58
style.css,136,css,e5efed7c,Jimxthy,2025-05-02,20:36:52,-07:00,2025-05-02T20:36:52-07:00,0,14
style.css,137,css,e5efed7c,Jimxthy,2025-05-02,20:36:52,-07:00,2025-05-02T20:36:52-07:00,0,12
style.css,138,css,e5efed7c,Jimxthy,2025-05-02,20:36:52,-07:00,2025-05-02T20:36:52-07:00,0,13
style.css,139,css,e5efed7c,Jimxthy,2025-05-02,20:36:52,-07:00,2025-05-02T20:36:52-07:00,0,22
style.css,140,css,e5efed7c,Jimxthy,2025-05-02,20:36:52,-07:00,2025-05-02T20:36:52-07:00,0,20
style.css,141,css,e5efed7c,Jimxthy,2025-05-02,20:36:52,-07:00,2025-05-02T20:36:52-07:00,0,25
style.css,142,css,e5efed7c,Jimxthy,2025-05-02,20:36:52,-07:00,2025-05-02T20:36:52-07:00,0,6
style.css,143,css,e5efed7c,Jimxthy,2025-05-02,20:36:52,-07:00,2025-05-02T20:36:52-07:00,0,0
style.css,144,css,2547d312,Jimxthy,2025-04-25,19:52:19,-07:00,2025-04-25T19:52:19-07:00,0,0
style.css,145,css,9baf072b,Jimxthy,2025-04-18,20:20:42,-07:00,2025-04-18T20:20:42-07:00,0,0
style.css,146,css,e5efed7c,Jimxthy,2025-05-02,20:36:52,-07:00,2025-05-02T20:36:52-07:00,0,11
style.css,147,css,e5efed7c,Jimxthy,2025-05-02,20:36:52,-07:00,2025-05-02T20:36:52-07:00,0,13
style.css,148,css,e5efed7c,Jimxthy,2025-05-02,20:36:52,-07:00,2025-05-02T20:36:52-07:00,0,19
style.css,149,css,e5efed7c,Jimxthy,2025-05-02,20:36:52,-07:00,2025-05-02T20:36:52-07:00,0,20
style.css,150,css,e5efed7c,Jimxthy,2025-05-02,20:36:52,-07:00,2025-05-02T20:36:52-07:00,0,23
style.css,151,css,e5efed7c,Jimxthy,2025-05-02,20:36:52,-07:00,2025-05-02T20:36:52-07:00,0,0
style.css,152,css,e5efed7c,Jimxthy,2025-05-02,20:36:52,-07:00,2025-05-02T20:36:52-07:00,0,0
style.css,153,css,e5efed7c,Jimxthy,2025-05-02,20:36:52,-07:00,2025-05-02T20:36:52-07:00,0,8
style.css,154,css,e5efed7c,Jimxthy,2025-05-02,20:36:52,-07:00,2025-05-02T20:36:52-07:00,0,21
style.css,155,css,e5efed7c,Jimxthy,2025-05-02,20:36:52,-07:00,2025-05-02T20:36:52-07:00,0,10
style.css,156,css,e5efed7c,Jimxthy,2025-05-02,20:36:52,-07:00,2025-05-02T20:36:52-07:00,0,19
style.css,157,css,e5efed7c,Jimxthy,2025-05-02,20:36:52,-07:00,2025-05-02T20:36:52-07:00,0,30
style.css,158,css,e5efed7c,Jimxthy,2025-05-02,20:36:52,-07:00,2025-05-02T20:36:52-07:00,0,18
style.css,159,css,e5efed7c,Jimxthy,2025-05-02,20:36:52,-07:00,2025-05-02T20:36:52-07:00,0,19
style.css,160,css,e5efed7c,Jimxthy,2025-05-02,20:36:52,-07:00,2025-05-02T20:36:52-07:00,0,22
style.css,161,css,e5efed7c,Jimxthy,2025-05-02,20:36:52,-07:00,2025-05-02T20:36:52-07:00,0,0
style.css,162,css,e5efed7c,Jimxthy,2025-05-02,20:36:52,-07:00,2025-05-02T20:36:52-07:00,0,0
style.css,163,css,e5efed7c,Jimxthy,2025-05-02,20:36:52,-07:00,2025-05-02T20:36:52-07:00,0,18
style.css,164,css,e5efed7c,Jimxthy,2025-05-02,20:36:52,-07:00,2025-05-02T20:36:52-07:00,0,17
style.css,165,css,e5efed7c,Jimxthy,2025-05-02,20:36:52,-07:00,2025-05-02T20:36:52-07:00,0,12
style.css,166,css,e5efed7c,Jimxthy,2025-05-02,20:36:52,-07:00,2025-05-02T20:36:52-07:00,0,0
style.css,167,css,e5efed7c,Jimxthy,2025-05-02,20:36:52,-07:00,2025-05-02T20:36:52-07:00,0,0
style.css,168,css,e5efed7c,Jimxthy,2025-05-02,20:36:52,-07:00,2025-05-02T20:36:52-07:00,0,0
style.css,169,css,e5efed7c,Jimxthy,2025-05-02,20:36:52,-07:00,2025-05-02T20:36:52-07:00,0,5
style.css,170,css,e5efed7c,Jimxthy,2025-05-02,20:36:52,-07:00,2025-05-02T20:36:52-07:00,0,17
style.css,171,css,e5efed7c,Jimxthy,2025-05-02,20:36:52,-07:00,2025-05-02T20:36:52-07:00,0,0
style.css,172,css,e5efed7c,Jimxthy,2025-05-02,20:36:52,-07:00,2025-05-02T20:36:52-07:00,0,0
style.css,173,css,e5efed7c,Jimxthy,2025-05-02,20:36:52,-07:00,2025-05-02T20:36:52-07:00,0,10
style.css,174,css,e5efed7c,Jimxthy,2025-05-02,20:36:52,-07:00,2025-05-02T20:36:52-07:00,0,36
style.css,175,css,e5efed7c,Jimxthy,2025-05-02,20:36:52,-07:00,2025-05-02T20:36:52-07:00,0,0
style.css,176,css,e5efed7c,Jimxthy,2025-05-02,20:36:52,-07:00,2025-05-02T20:36:52-07:00,0,11
style.css,177,css,e5efed7c,Jimxthy,2025-05-02,20:36:52,-07:00,2025-05-02T20:36:52-07:00,0,18
style.css,178,css,e5efed7c,Jimxthy,2025-05-02,20:36:52,-07:00,2025-05-02T20:36:52-07:00,0,0
style.css,179,css,e5efed7c,Jimxthy,2025-05-02,20:36:52,-07:00,2025-05-02T20:36:52-07:00,0,0
style.css,180,css,e5efed7c,Jimxthy,2025-05-02,20:36:52,-07:00,2025-05-02T20:36:52-07:00,0,0
style.css,181,css,4f22abaa,Jimxthy,2025-04-11,19:33:35,-07:00,2025-04-11T19:33:35-07:00,0,0
index.js,1,js,2547d312,Jimxthy,2025-04-25,19:52:19,-07:00,2025-04-25T19:52:19-07:00,0,72
index.js,2,js,2547d312,Jimxthy,2025-04-25,19:52:19,-07:00,2025-04-25T19:52:19-07:00,0,0
index.js,3,js,2547d312,Jimxthy,2025-04-25,19:52:19,-07:00,2025-04-25T19:52:19-07:00,0,55
index.js,4,js,2547d312,Jimxthy,2025-04-25,19:52:19,-07:00,2025-04-25T19:52:19-07:00,0,43
index.js,5,js,2547d312,Jimxthy,2025-04-25,19:52:19,-07:00,2025-04-25T19:52:19-07:00,0,61
index.js,6,js,2547d312,Jimxthy,2025-04-25,19:52:19,-07:00,2025-04-25T19:52:19-07:00,0,55
index.js,7,js,2547d312,Jimxthy,2025-04-25,19:52:19,-07:00,2025-04-25T19:52:19-07:00,0,0
index.js,8,js,2547d312,Jimxthy,2025-04-25,19:52:19,-07:00,2025-04-25T19:52:19-07:00,0,59
index.js,9,js,2547d312,Jimxthy,2025-04-25,19:52:19,-07:00,2025-04-25T19:52:19-07:00,0,0
index.js,10,js,2547d312,Jimxthy,2025-04-25,19:52:19,-07:00,2025-04-25T19:52:19-07:00,0,61
index.js,11,js,2547d312,Jimxthy,2025-04-25,19:52:19,-07:00,2025-04-25T19:52:19-07:00,0,0
index.js,12,js,2547d312,Jimxthy,2025-04-25,19:52:19,-07:00,2025-04-25T19:52:19-07:00,0,18
index.js,13,js,2547d312,Jimxthy,2025-04-25,19:52:19,-07:00,2025-04-25T19:52:19-07:00,0,25
index.js,14,js,2547d312,Jimxthy,2025-04-25,19:52:19,-07:00,2025-04-25T19:52:19-07:00,0,3
index.js,15,js,2547d312,Jimxthy,2025-04-25,19:52:19,-07:00,2025-04-25T19:52:19-07:00,0,56
index.js,16,js,2547d312,Jimxthy,2025-04-25,19:52:19,-07:00,2025-04-25T19:52:19-07:00,0,56
index.js,17,js,2547d312,Jimxthy,2025-04-25,19:52:19,-07:00,2025-04-25T19:52:19-07:00,0,50
index.js,18,js,2547d312,Jimxthy,2025-04-25,19:52:19,-07:00,2025-04-25T19:52:19-07:00,0,50
index.js,19,js,2547d312,Jimxthy,2025-04-25,19:52:19,-07:00,2025-04-25T19:52:19-07:00,0,4
index.js,20,js,2547d312,Jimxthy,2025-04-25,19:52:19,-07:00,2025-04-25T19:52:19-07:00,0,1
index.js,21,js,2547d312,Jimxthy,2025-04-25,19:52:19,-07:00,2025-04-25T19:52:19-07:00,0,0
index.js,22,js,2547d312,Jimxthy,2025-04-25,19:52:19,-07:00,2025-04-25T19:52:19-07:00,0,0
index.js,23,js,2547d312,Jimxthy,2025-04-25,19:52:19,-07:00,2025-04-25T19:52:19-07:00,0,0
index.html,1,html,70151724,Jimxthy,2025-04-03,16:53:13,-07:00,2025-04-03T16:53:13-07:00,0,14
index.html,2,html,70151724,Jimxthy,2025-04-03,16:53:13,-07:00,2025-04-03T16:53:13-07:00,0,15
index.html,3,html,70151724,Jimxthy,2025-04-03,16:53:13,-07:00,2025-04-03T16:53:13-07:00,0,5
index.html,4,html,70151724,Jimxthy,2025-04-03,16:53:13,-07:00,2025-04-03T16:53:13-07:00,0,21
index.html,5,html,70151724,Jimxthy,2025-04-03,16:53:13,-07:00,2025-04-03T16:53:13-07:00,0,69
index.html,6,html,70151724,Jimxthy,2025-04-03,16:53:13,-07:00,2025-04-03T16:53:13-07:00,0,54
index.html,7,html,018651ce,Jimxthy,2025-04-03,17:20:32,-07:00,2025-04-03T17:20:32-07:00,0,43
index.html,8,html,29e65ee0,Jimxthy,2025-04-17,17:54:23,-07:00,2025-04-17T17:54:23-07:00,0,46
index.html,9,html,2547d312,Jimxthy,2025-04-25,19:52:19,-07:00,2025-04-25T19:52:19-07:00,0,51
index.html,10,html,2547d312,Jimxthy,2025-04-25,19:52:19,-07:00,2025-04-25T19:52:19-07:00,0,0
index.html,11,html,70151724,Jimxthy,2025-04-03,16:53:13,-07:00,2025-04-03T16:53:13-07:00,0,6
index.html,12,html,70151724,Jimxthy,2025-04-03,16:53:13,-07:00,2025-04-03T16:53:13-07:00,0,5
index.html,13,html,ad950806,Jimxthy,2025-04-17,18:44:05,-07:00,2025-04-17T18:44:05-07:00,0,9
index.html,14,html,b98c874f,Jimxthy,2025-04-17,18:18:07,-07:00,2025-04-17T18:18:07-07:00,0,28
index.html,15,html,4f22abaa,Jimxthy,2025-04-11,19:33:35,-07:00,2025-04-11T19:33:35-07:00,0,41
index.html,16,html,4f22abaa,Jimxthy,2025-04-11,19:33:35,-07:00,2025-04-11T19:33:35-07:00,0,39
index.html,17,html,4f22abaa,Jimxthy,2025-04-11,19:33:35,-07:00,2025-04-11T19:33:35-07:00,0,62
index.html,18,html,4f22abaa,Jimxthy,2025-04-11,19:33:35,-07:00,2025-04-11T19:33:35-07:00,0,37
index.html,19,html,ad950806,Jimxthy,2025-04-17,18:44:05,-07:00,2025-04-17T18:44:05-07:00,0,9
index.html,20,html,018651ce,Jimxthy,2025-04-03,17:20:32,-07:00,2025-04-03T17:20:32-07:00,0,19
index.html,21,html,4f22abaa,Jimxthy,2025-04-11,19:33:35,-07:00,2025-04-11T19:33:35-07:00,0,101
index.html,22,html,4f22abaa,Jimxthy,2025-04-11,19:33:35,-07:00,2025-04-11T19:33:35-07:00,0,89
index.html,23,html,26b8f6c8,Jimxthy,2025-04-03,17:35:00,-07:00,2025-04-03T17:35:00-07:00,0,128
index.html,24,html,2547d312,Jimxthy,2025-04-25,19:52:19,-07:00,2025-04-25T19:52:19-07:00,0,23
index.html,25,html,2547d312,Jimxthy,2025-04-25,19:52:19,-07:00,2025-04-25T19:52:19-07:00,0,50
index.html,26,html,2547d312,Jimxthy,2025-04-25,19:52:19,-07:00,2025-04-25T19:52:19-07:00,0,21
index.html,27,html,2547d312,Jimxthy,2025-04-25,19:52:19,-07:00,2025-04-25T19:52:19-07:00,0,50
index.html,28,html,2547d312,Jimxthy,2025-04-25,19:52:19,-07:00,2025-04-25T19:52:19-07:00,0,5
index.html,29,html,2547d312,Jimxthy,2025-04-25,19:52:19,-07:00,2025-04-25T19:52:19-07:00,0,0
index.html,30,html,2547d312,Jimxthy,2025-04-25,19:52:19,-07:00,2025-04-25T19:52:19-07:00,0,23
index.html,31,html,2547d312,Jimxthy,2025-04-25,19:52:19,-07:00,2025-04-25T19:52:19-07:00,0,29
index.html,32,html,2547d312,Jimxthy,2025-04-25,19:52:19,-07:00,2025-04-25T19:52:19-07:00,0,0
index.html,33,html,70151724,Jimxthy,2025-04-03,16:53:13,-07:00,2025-04-03T16:53:13-07:00,0,6
index.html,34,html,018651ce,Jimxthy,2025-04-03,17:20:32,-07:00,2025-04-03T17:20:32-07:00,0,6
global.js,1,js,792b1460,Jimxthy,2025-04-17,17:37:30,-07:00,2025-04-17T17:37:30-07:00,0,26
global.js,2,js,792b1460,Jimxthy,2025-04-17,17:37:30,-07:00,2025-04-17T17:37:30-07:00,0,0
global.js,3,js,792b1460,Jimxthy,2025-04-17,17:37:30,-07:00,2025-04-17T17:37:30-07:00,0,42
global.js,4,js,792b1460,Jimxthy,2025-04-17,17:37:30,-07:00,2025-04-17T17:37:30-07:00,0,53
global.js,5,js,b98c874f,Jimxthy,2025-04-17,18:18:07,-07:00,2025-04-17T18:18:07-07:00,0,0
global.js,6,js,b98c874f,Jimxthy,2025-04-17,18:18:07,-07:00,2025-04-17T18:18:07-07:00,0,0
global.js,7,js,ad950806,Jimxthy,2025-04-17,18:44:05,-07:00,2025-04-17T18:44:05-07:00,0,30
global.js,8,js,b98c874f,Jimxthy,2025-04-17,18:18:07,-07:00,2025-04-17T18:18:07-07:00,0,0
global.js,9,js,ad950806,Jimxthy,2025-04-17,18:44:05,-07:00,2025-04-17T18:44:05-07:00,0,34
global.js,10,js,ad950806,Jimxthy,2025-04-17,18:44:05,-07:00,2025-04-17T18:44:05-07:00,0,74
global.js,11,js,ad950806,Jimxthy,2025-04-17,18:44:05,-07:00,2025-04-17T18:44:05-07:00,0,6
global.js,12,js,b98c874f,Jimxthy,2025-04-17,18:18:07,-07:00,2025-04-17T18:18:07-07:00,0,0
global.js,13,js,ad950806,Jimxthy,2025-04-17,18:44:05,-07:00,2025-04-17T18:44:05-07:00,0,41
global.js,14,js,ad950806,Jimxthy,2025-04-17,18:44:05,-07:00,2025-04-17T18:44:05-07:00,0,0
global.js,15,js,c9f07271,Jimxthy,2025-04-17,19:02:41,-07:00,2025-04-17T19:02:41-07:00,0,89
global.js,16,js,c9f07271,Jimxthy,2025-04-17,19:02:41,-07:00,2025-04-17T19:02:41-07:00,0,37
global.js,17,js,b73dbe6a,Jimxthy,2025-04-17,19:20:42,-07:00,2025-04-17T19:20:42-07:00,0,49
global.js,18,js,c9f07271,Jimxthy,2025-04-17,19:02:41,-07:00,2025-04-17T19:02:41-07:00,0,0
global.js,19,js,ad950806,Jimxthy,2025-04-17,18:44:05,-07:00,2025-04-17T18:44:05-07:00,0,12
global.js,20,js,c9f07271,Jimxthy,2025-04-17,19:02:41,-07:00,2025-04-17T19:02:41-07:00,0,26
global.js,21,js,c9f07271,Jimxthy,2025-04-17,19:02:41,-07:00,2025-04-17T19:02:41-07:00,0,39
global.js,22,js,c9f07271,Jimxthy,2025-04-17,19:02:41,-07:00,2025-04-17T19:02:41-07:00,0,37
global.js,23,js,00000000,Not Committed Yet,2025-05-08,16:50:55,-07:00,2025-05-08T16:50:55-07:00,0,30
global.js,24,js,c9f07271,Jimxthy,2025-04-17,19:02:41,-07:00,2025-04-17T19:02:41-07:00,0,54
global.js,25,js,c9f07271,Jimxthy,2025-04-17,19:02:41,-07:00,2025-04-17T19:02:41-07:00,0,34
global.js,26,js,c9f07271,Jimxthy,2025-04-17,19:02:41,-07:00,2025-04-17T19:02:41-07:00,0,1
global.js,27,js,ad950806,Jimxthy,2025-04-17,18:44:05,-07:00,2025-04-17T18:44:05-07:00,0,0
global.js,28,js,ad950806,Jimxthy,2025-04-17,18:44:05,-07:00,2025-04-17T18:44:05-07:00,0,39
global.js,29,js,ad950806,Jimxthy,2025-04-17,18:44:05,-07:00,2025-04-17T18:44:05-07:00,0,26
global.js,30,js,ad950806,Jimxthy,2025-04-17,18:44:05,-07:00,2025-04-17T18:44:05-07:00,0,0
global.js,31,js,ad950806,Jimxthy,2025-04-17,18:44:05,-07:00,2025-04-17T18:44:05-07:00,0,21
global.js,32,js,a2637198,Jimxthy,2025-04-17,19:15:16,-07:00,2025-04-17T19:15:16-07:00,0,15
global.js,33,js,2360d288,Jimxthy,2025-04-17,19:10:33,-07:00,2025-04-17T19:10:33-07:00,0,0
global.js,34,js,2c7eef96,Jimxthy,2025-04-18,21:49:59,-07:00,2025-04-18T21:49:59-07:00,0,0
global.js,35,js,a2637198,Jimxthy,2025-04-17,19:15:16,-07:00,2025-04-17T19:15:16-07:00,0,29
global.js,36,js,2c7eef96,Jimxthy,2025-04-18,21:49:59,-07:00,2025-04-18T21:49:59-07:00,0,21
global.js,37,js,a2637198,Jimxthy,2025-04-17,19:15:16,-07:00,2025-04-17T19:15:16-07:00,0,0
global.js,38,js,a2637198,Jimxthy,2025-04-17,19:15:16,-07:00,2025-04-17T19:15:16-07:00,0,0
global.js,39,js,a2637198,Jimxthy,2025-04-17,19:15:16,-07:00,2025-04-17T19:15:16-07:00,0,30
global.js,40,js,a2637198,Jimxthy,2025-04-17,19:15:16,-07:00,2025-04-17T19:15:16-07:00,0,0
global.js,41,js,c9f07271,Jimxthy,2025-04-17,19:02:41,-07:00,2025-04-17T19:02:41-07:00,0,19
global.js,42,js,2360d288,Jimxthy,2025-04-17,19:10:33,-07:00,2025-04-17T19:10:33-07:00,0,0
global.js,43,js,3e88cac1,Jimxthy,2025-04-18,19:29:37,-07:00,2025-04-18T19:29:37-07:00,0,35
global.js,44,js,3e88cac1,Jimxthy,2025-04-18,19:29:37,-07:00,2025-04-18T19:29:37-07:00,0,12
global.js,45,js,3e88cac1,Jimxthy,2025-04-18,19:29:37,-07:00,2025-04-18T19:29:37-07:00,0,21
global.js,46,js,3e88cac1,Jimxthy,2025-04-18,19:29:37,-07:00,2025-04-18T19:29:37-07:00,0,0
global.js,47,js,3e88cac1,Jimxthy,2025-04-18,19:29:37,-07:00,2025-04-18T19:29:37-07:00,0,0
global.js,48,js,3e88cac1,Jimxthy,2025-04-18,19:29:37,-07:00,2025-04-18T19:29:37-07:00,0,66
global.js,49,js,3e88cac1,Jimxthy,2025-04-18,19:29:37,-07:00,2025-04-18T19:29:37-07:00,0,26
global.js,50,js,3e88cac1,Jimxthy,2025-04-18,19:29:37,-07:00,2025-04-18T19:29:37-07:00,0,0
global.js,51,js,3e88cac1,Jimxthy,2025-04-18,19:29:37,-07:00,2025-04-18T19:29:37-07:00,0,30
global.js,52,js,3e88cac1,Jimxthy,2025-04-18,19:29:37,-07:00,2025-04-18T19:29:37-07:00,0,19
global.js,53,js,3e88cac1,Jimxthy,2025-04-18,19:29:37,-07:00,2025-04-18T19:29:37-07:00,0,0
global.js,54,js,3e88cac1,Jimxthy,2025-04-18,19:29:37,-07:00,2025-04-18T19:29:37-07:00,0,0
global.js,55,js,3e88cac1,Jimxthy,2025-04-18,19:29:37,-07:00,2025-04-18T19:29:37-07:00,0,12
global.js,56,js,c9f07271,Jimxthy,2025-04-17,19:02:41,-07:00,2025-04-17T19:02:41-07:00,0,0
global.js,57,js,a2637198,Jimxthy,2025-04-17,19:15:16,-07:00,2025-04-17T19:15:16-07:00,0,0
global.js,58,js,a5ec29cd,Jimxthy,2025-04-18,20:10:13,-07:00,2025-04-18T20:10:13-07:00,0,32
global.js,59,js,a5ec29cd,Jimxthy,2025-04-18,20:10:13,-07:00,2025-04-18T20:10:13-07:00,0,12
global.js,60,js,a5ec29cd,Jimxthy,2025-04-18,20:10:13,-07:00,2025-04-18T20:10:13-07:00,0,0
global.js,61,js,a5ec29cd,Jimxthy,2025-04-18,20:10:13,-07:00,2025-04-18T20:10:13-07:00,0,27
global.js,62,js,a5ec29cd,Jimxthy,2025-04-18,20:10:13,-07:00,2025-04-18T20:10:13-07:00,0,5
global.js,63,js,a5ec29cd,Jimxthy,2025-04-18,20:10:13,-07:00,2025-04-18T20:10:13-07:00,0,32
global.js,64,js,a5ec29cd,Jimxthy,2025-04-18,20:10:13,-07:00,2025-04-18T20:10:13-07:00,0,44
global.js,65,js,a5ec29cd,Jimxthy,2025-04-18,20:10:13,-07:00,2025-04-18T20:10:13-07:00,0,35
global.js,66,js,a5ec29cd,Jimxthy,2025-04-18,20:10:13,-07:00,2025-04-18T20:10:13-07:00,0,33
global.js,67,js,a5ec29cd,Jimxthy,2025-04-18,20:10:13,-07:00,2025-04-18T20:10:13-07:00,0,8
global.js,68,js,a5ec29cd,Jimxthy,2025-04-18,20:10:13,-07:00,2025-04-18T20:10:13-07:00,0,7
global.js,69,js,a5ec29cd,Jimxthy,2025-04-18,20:10:13,-07:00,2025-04-18T20:10:13-07:00,0,0
global.js,70,js,a5ec29cd,Jimxthy,2025-04-18,20:10:13,-07:00,2025-04-18T20:10:13-07:00,0,1
global.js,71,js,a5ec29cd,Jimxthy,2025-04-18,20:10:13,-07:00,2025-04-18T20:10:13-07:00,0,0
global.js,72,js,2547d312,Jimxthy,2025-04-25,19:52:19,-07:00,2025-04-25T19:52:19-07:00,0,61
global.js,73,js,b5863151,Jimxthy,2025-04-18,21:44:14,-07:00,2025-04-18T21:44:14-07:00,0,0
global.js,74,js,2c7eef96,Jimxthy,2025-04-18,21:49:59,-07:00,2025-04-18T21:49:59-07:00,0,0
global.js,75,js,2c7eef96,Jimxthy,2025-04-18,21:49:59,-07:00,2025-04-18T21:49:59-07:00,0,49
global.js,76,js,2c7eef96,Jimxthy,2025-04-18,21:49:59,-07:00,2025-04-18T21:49:59-07:00,0,0
global.js,77,js,2c7eef96,Jimxthy,2025-04-18,21:49:59,-07:00,2025-04-18T21:49:59-07:00,0,0
global.js,78,js,2c7eef96,Jimxthy,2025-04-18,21:49:59,-07:00,2025-04-18T21:49:59-07:00,0,22
global.js,79,js,2c7eef96,Jimxthy,2025-04-18,21:49:59,-07:00,2025-04-18T21:49:59-07:00,0,76
global.js,80,js,2c7eef96,Jimxthy,2025-04-18,21:49:59,-07:00,2025-04-18T21:49:59-07:00,0,31
global.js,81,js,2c7eef96,Jimxthy,2025-04-18,21:49:59,-07:00,2025-04-18T21:49:59-07:00,0,7
global.js,82,js,2c7eef96,Jimxthy,2025-04-18,21:49:59,-07:00,2025-04-18T21:49:59-07:00,0,0
global.js,83,js,2c7eef96,Jimxthy,2025-04-18,21:49:59,-07:00,2025-04-18T21:49:59-07:00,0,77
global.js,84,js,2c7eef96,Jimxthy,2025-04-18,21:49:59,-07:00,2025-04-18T21:49:59-07:00,0,90
global.js,85,js,2c7eef96,Jimxthy,2025-04-18,21:49:59,-07:00,2025-04-18T21:49:59-07:00,0,45
global.js,86,js,2c7eef96,Jimxthy,2025-04-18,21:49:59,-07:00,2025-04-18T21:49:59-07:00,0,0
global.js,87,js,2c7eef96,Jimxthy,2025-04-18,21:49:59,-07:00,2025-04-18T21:49:59-07:00,0,0
global.js,88,js,2c7eef96,Jimxthy,2025-04-18,21:49:59,-07:00,2025-04-18T21:49:59-07:00,0,50
global.js,89,js,2c7eef96,Jimxthy,2025-04-18,21:49:59,-07:00,2025-04-18T21:49:59-07:00,0,33
global.js,90,js,2c7eef96,Jimxthy,2025-04-18,21:49:59,-07:00,2025-04-18T21:49:59-07:00,0,66
global.js,91,js,2c7eef96,Jimxthy,2025-04-18,21:49:59,-07:00,2025-04-18T21:49:59-07:00,0,0
global.js,92,js,2c7eef96,Jimxthy,2025-04-18,21:49:59,-07:00,2025-04-18T21:49:59-07:00,0,33
global.js,93,js,2c7eef96,Jimxthy,2025-04-18,21:49:59,-07:00,2025-04-18T21:49:59-07:00,0,2
global.js,94,js,a5ec29cd,Jimxthy,2025-04-18,20:10:13,-07:00,2025-04-18T20:10:13-07:00,0,0
global.js,95,js,2547d312,Jimxthy,2025-04-25,19:52:19,-07:00,2025-04-25T19:52:19-07:00,0,37
global.js,96,js,2547d312,Jimxthy,2025-04-25,19:52:19,-07:00,2025-04-25T19:52:19-07:00,0,4
global.js,97,js,2547d312,Jimxthy,2025-04-25,19:52:19,-07:00,2025-04-25T19:52:19-07:00,0,33
global.js,98,js,2547d312,Jimxthy,2025-04-25,19:52:19,-07:00,2025-04-25T19:52:19-07:00,0,0
global.js,99,js,2547d312,Jimxthy,2025-04-25,19:52:19,-07:00,2025-04-25T19:52:19-07:00,0,18
global.js,100,js,2547d312,Jimxthy,2025-04-25,19:52:19,-07:00,2025-04-25T19:52:19-07:00,0,67
global.js,101,js,2547d312,Jimxthy,2025-04-25,19:52:19,-07:00,2025-04-25T19:52:19-07:00,0,0
global.js,102,js,2547d312,Jimxthy,2025-04-25,19:52:19,-07:00,2025-04-25T19:52:19-07:00,0,0
global.js,103,js,2547d312,Jimxthy,2025-04-25,19:52:19,-07:00,2025-04-25T19:52:19-07:00,0,34
global.js,104,js,2547d312,Jimxthy,2025-04-25,19:52:19,-07:00,2025-04-25T19:52:19-07:00,0,11
global.js,105,js,2547d312,Jimxthy,2025-04-25,19:52:19,-07:00,2025-04-25T19:52:19-07:00,0,0
global.js,106,js,2547d312,Jimxthy,2025-04-25,19:52:19,-07:00,2025-04-25T19:52:19-07:00,0,16
global.js,107,js,2547d312,Jimxthy,2025-04-25,19:52:19,-07:00,2025-04-25T19:52:19-07:00,0,60
global.js,108,js,2547d312,Jimxthy,2025-04-25,19:52:19,-07:00,2025-04-25T19:52:19-07:00,0,11
global.js,109,js,2547d312,Jimxthy,2025-04-25,19:52:19,-07:00,2025-04-25T19:52:19-07:00,0,0
global.js,110,js,2547d312,Jimxthy,2025-04-25,19:52:19,-07:00,2025-04-25T19:52:19-07:00,0,0
global.js,111,js,2547d312,Jimxthy,2025-04-25,19:52:19,-07:00,2025-04-25T19:52:19-07:00,0,0
global.js,112,js,2547d312,Jimxthy,2025-04-25,19:52:19,-07:00,2025-04-25T19:52:19-07:00,0,0
global.js,113,js,2547d312,Jimxthy,2025-04-25,19:52:19,-07:00,2025-04-25T19:52:19-07:00,0,59
global.js,114,js,2547d312,Jimxthy,2025-04-25,19:52:19,-07:00,2025-04-25T19:52:19-07:00,0,36
global.js,115,js,2547d312,Jimxthy,2025-04-25,19:52:19,-07:00,2025-04-25T19:52:19-07:00,0,31
global.js,116,js,2547d312,Jimxthy,2025-04-25,19:52:19,-07:00,2025-04-25T19:52:19-07:00,0,0
global.js,117,js,2547d312,Jimxthy,2025-04-25,19:52:19,-07:00,2025-04-25T19:52:19-07:00,0,62
global.js,118,js,2547d312,Jimxthy,2025-04-25,19:52:19,-07:00,2025-04-25T19:52:19-07:00,0,49
global.js,119,js,2547d312,Jimxthy,2025-04-25,19:52:19,-07:00,2025-04-25T19:52:19-07:00,0,0
global.js,120,js,2547d312,Jimxthy,2025-04-25,19:52:19,-07:00,2025-04-25T19:52:19-07:00,0,56
global.js,121,js,2547d312,Jimxthy,2025-04-25,19:52:19,-07:00,2025-04-25T19:52:19-07:00,0,0
global.js,122,js,2547d312,Jimxthy,2025-04-25,19:52:19,-07:00,2025-04-25T19:52:19-07:00,0,28
global.js,123,js,2547d312,Jimxthy,2025-04-25,19:52:19,-07:00,2025-04-25T19:52:19-07:00,0,49
global.js,124,js,2547d312,Jimxthy,2025-04-25,19:52:19,-07:00,2025-04-25T19:52:19-07:00,0,20
global.js,125,js,2547d312,Jimxthy,2025-04-25,19:52:19,-07:00,2025-04-25T19:52:19-07:00,0,24
global.js,126,js,2547d312,Jimxthy,2025-04-25,19:52:19,-07:00,2025-04-25T19:52:19-07:00,0,50
global.js,127,js,e5efed7c,Jimxthy,2025-05-02,20:36:52,-07:00,2025-05-02T20:36:52-07:00,0,28
global.js,128,js,e5efed7c,Jimxthy,2025-05-02,20:36:52,-07:00,2025-05-02T20:36:52-07:00,0,28
global.js,129,js,e5efed7c,Jimxthy,2025-05-02,20:36:52,-07:00,2025-05-02T20:36:52-07:00,0,48
global.js,130,js,e5efed7c,Jimxthy,2025-05-02,20:36:52,-07:00,2025-05-02T20:36:52-07:00,0,5
global.js,131,js,2547d312,Jimxthy,2025-04-25,19:52:19,-07:00,2025-04-25T19:52:19-07:00,0,1
global.js,132,js,2547d312,Jimxthy,2025-04-25,19:52:19,-07:00,2025-04-25T19:52:19-07:00,0,37
global.js,133,js,2547d312,Jimxthy,2025-04-25,19:52:19,-07:00,2025-04-25T19:52:19-07:00,0,2
global.js,134,js,2547d312,Jimxthy,2025-04-25,19:52:19,-07:00,2025-04-25T19:52:19-07:00,0,0
global.js,135,js,2547d312,Jimxthy,2025-04-25,19:52:19,-07:00,2025-04-25T19:52:19-07:00,0,0
global.js,136,js,e5efed7c,Jimxthy,2025-05-02,20:36:52,-07:00,2025-05-02T20:36:52-07:00,0,0
global.js,137,js,2547d312,Jimxthy,2025-04-25,19:52:19,-07:00,2025-04-25T19:52:19-07:00,0,48
global.js,138,js,2547d312,Jimxthy,2025-04-25,19:52:19,-07:00,2025-04-25T19:52:19-07:00,0,23
global.js,139,js,2547d312,Jimxthy,2025-04-25,19:52:19,-07:00,2025-04-25T19:52:19-07:00,0,60
global.js,140,js,2547d312,Jimxthy,2025-04-25,19:52:19,-07:00,2025-04-25T19:52:19-07:00,0,0
global.js,141,js,2547d312,Jimxthy,2025-04-25,19:52:19,-07:00,2025-04-25T19:52:19-07:00,0,0
resume/style.css,1,css,4f22abaa,Jimxthy,2025-04-11,19:33:35,-07:00,2025-04-11T19:33:35-07:00,0,6
resume/style.css,2,css,4f22abaa,Jimxthy,2025-04-11,19:33:35,-07:00,2025-04-11T19:33:35-07:00,0,32
resume/style.css,3,css,4f22abaa,Jimxthy,2025-04-11,19:33:35,-07:00,2025-04-11T19:33:35-07:00,0,33
resume/style.css,4,css,c093b268,Jimxthy,2025-04-18,20:12:37,-07:00,2025-04-18T20:12:37-07:00,0,24
resume/style.css,5,css,4f22abaa,Jimxthy,2025-04-11,19:33:35,-07:00,2025-04-11T19:33:35-07:00,0,0
resume/style.css,6,css,4f22abaa,Jimxthy,2025-04-11,19:33:35,-07:00,2025-04-11T19:33:35-07:00,0,0
resume/style.css,7,css,4f22abaa,Jimxthy,2025-04-11,19:33:35,-07:00,2025-04-11T19:33:35-07:00,0,5
resume/style.css,8,css,4f22abaa,Jimxthy,2025-04-11,19:33:35,-07:00,2025-04-11T19:33:35-07:00,0,44
resume/style.css,9,css,4f22abaa,Jimxthy,2025-04-11,19:33:35,-07:00,2025-04-11T19:33:35-07:00,0,46
resume/style.css,10,css,9a7f4f5b,Jimxthy,2025-04-18,20:48:28,-07:00,2025-04-18T20:48:28-07:00,0,18
resume/style.css,11,css,4f22abaa,Jimxthy,2025-04-11,19:33:35,-07:00,2025-04-11T19:33:35-07:00,0,24
resume/style.css,12,css,4f22abaa,Jimxthy,2025-04-11,19:33:35,-07:00,2025-04-11T19:33:35-07:00,0,17
resume/style.css,13,css,4f22abaa,Jimxthy,2025-04-11,19:33:35,-07:00,2025-04-11T19:33:35-07:00,0,44
resume/style.css,14,css,4f22abaa,Jimxthy,2025-04-11,19:33:35,-07:00,2025-04-11T19:33:35-07:00,0,0
resume/style.css,15,css,4f22abaa,Jimxthy,2025-04-11,19:33:35,-07:00,2025-04-11T19:33:35-07:00,0,0
resume/style.css,16,css,9a7f4f5b,Jimxthy,2025-04-18,20:48:28,-07:00,2025-04-18T20:48:28-07:00,0,7
resume/style.css,17,css,9a7f4f5b,Jimxthy,2025-04-18,20:48:28,-07:00,2025-04-18T20:48:28-07:00,0,13
resume/style.css,18,css,9a7f4f5b,Jimxthy,2025-04-18,20:48:28,-07:00,2025-04-18T20:48:28-07:00,0,0
resume/style.css,19,css,4f22abaa,Jimxthy,2025-04-11,19:33:35,-07:00,2025-04-11T19:33:35-07:00,0,0
resume/style.css,20,css,4f22abaa,Jimxthy,2025-04-11,19:33:35,-07:00,2025-04-11T19:33:35-07:00,0,4
resume/style.css,21,css,a5ec29cd,Jimxthy,2025-04-18,20:10:13,-07:00,2025-04-18T20:10:13-07:00,0,40
resume/style.css,22,css,4f22abaa,Jimxthy,2025-04-11,19:33:35,-07:00,2025-04-11T19:33:35-07:00,0,12
resume/style.css,23,css,4f22abaa,Jimxthy,2025-04-11,19:33:35,-07:00,2025-04-11T19:33:35-07:00,0,20
resume/style.css,24,css,a5ec29cd,Jimxthy,2025-04-18,20:10:13,-07:00,2025-04-18T20:10:13-07:00,0,44
resume/style.css,25,css,a5ec29cd,Jimxthy,2025-04-18,20:10:13,-07:00,2025-04-18T20:10:13-07:00,0,0
resume/style.css,26,css,4f22abaa,Jimxthy,2025-04-11,19:33:35,-07:00,2025-04-11T19:33:35-07:00,0,0
resume/style.css,27,css,4f22abaa,Jimxthy,2025-04-11,19:33:35,-07:00,2025-04-11T19:33:35-07:00,0,0
resume/style.css,28,css,4f22abaa,Jimxthy,2025-04-11,19:33:35,-07:00,2025-04-11T19:33:35-07:00,0,6
resume/style.css,29,css,4f22abaa,Jimxthy,2025-04-11,19:33:35,-07:00,2025-04-11T19:33:35-07:00,0,7
resume/style.css,30,css,4f22abaa,Jimxthy,2025-04-11,19:33:35,-07:00,2025-04-11T19:33:35-07:00,0,21
resume/style.css,31,css,4f22abaa,Jimxthy,2025-04-11,19:33:35,-07:00,2025-04-11T19:33:35-07:00,0,14
resume/style.css,32,css,4f22abaa,Jimxthy,2025-04-11,19:33:35,-07:00,2025-04-11T19:33:35-07:00,0,17
resume/style.css,33,css,4f22abaa,Jimxthy,2025-04-11,19:33:35,-07:00,2025-04-11T19:33:35-07:00,0,12
resume/style.css,34,css,4f22abaa,Jimxthy,2025-04-11,19:33:35,-07:00,2025-04-11T19:33:35-07:00,0,0
resume/style.css,35,css,4f22abaa,Jimxthy,2025-04-11,19:33:35,-07:00,2025-04-11T19:33:35-07:00,0,0
resume/style.css,36,css,4f22abaa,Jimxthy,2025-04-11,19:33:35,-07:00,2025-04-11T19:33:35-07:00,0,0
resume/style.css,37,css,4f22abaa,Jimxthy,2025-04-11,19:33:35,-07:00,2025-04-11T19:33:35-07:00,0,13
resume/style.css,38,css,a5ec29cd,Jimxthy,2025-04-18,20:10:13,-07:00,2025-04-18T20:10:13-07:00,0,45
resume/style.css,39,css,4f22abaa,Jimxthy,2025-04-11,19:33:35,-07:00,2025-04-11T19:33:35-07:00,0,20
resume/style.css,40,css,4f22abaa,Jimxthy,2025-04-11,19:33:35,-07:00,2025-04-11T19:33:35-07:00,0,0
resume/style.css,41,css,4f22abaa,Jimxthy,2025-04-11,19:33:35,-07:00,2025-04-11T19:33:35-07:00,0,0
resume/style.css,42,css,4f22abaa,Jimxthy,2025-04-11,19:33:35,-07:00,2025-04-11T19:33:35-07:00,0,12
resume/style.css,43,css,4f22abaa,Jimxthy,2025-04-11,19:33:35,-07:00,2025-04-11T19:33:35-07:00,0,46
resume/style.css,44,css,4f22abaa,Jimxthy,2025-04-11,19:33:35,-07:00,2025-04-11T19:33:35-07:00,0,21
resume/style.css,45,css,4f22abaa,Jimxthy,2025-04-11,19:33:35,-07:00,2025-04-11T19:33:35-07:00,0,0
resume/style.css,46,css,4f22abaa,Jimxthy,2025-04-11,19:33:35,-07:00,2025-04-11T19:33:35-07:00,0,0
resume/style.css,47,css,4f22abaa,Jimxthy,2025-04-11,19:33:35,-07:00,2025-04-11T19:33:35-07:00,0,3
resume/style.css,48,css,4f22abaa,Jimxthy,2025-04-11,19:33:35,-07:00,2025-04-11T19:33:35-07:00,0,8
resume/style.css,49,css,4f22abaa,Jimxthy,2025-04-11,19:33:35,-07:00,2025-04-11T19:33:35-07:00,0,15
resume/style.css,50,css,4f22abaa,Jimxthy,2025-04-11,19:33:35,-07:00,2025-04-11T19:33:35-07:00,0,0
resume/style.css,51,css,4f22abaa,Jimxthy,2025-04-11,19:33:35,-07:00,2025-04-11T19:33:35-07:00,0,0
resume/style.css,52,css,4f22abaa,Jimxthy,2025-04-11,19:33:35,-07:00,2025-04-11T19:33:35-07:00,0,3
resume/style.css,53,css,4f22abaa,Jimxthy,2025-04-11,19:33:35,-07:00,2025-04-11T19:33:35-07:00,0,15
resume/style.css,54,css,4f22abaa,Jimxthy,2025-04-11,19:33:35,-07:00,2025-04-11T19:33:35-07:00,0,0
resume/style.css,55,css,4f22abaa,Jimxthy,2025-04-11,19:33:35,-07:00,2025-04-11T19:33:35-07:00,0,0
resume/style.css,56,css,4f22abaa,Jimxthy,2025-04-11,19:33:35,-07:00,2025-04-11T19:33:35-07:00,0,23
resume/style.css,57,css,4f22abaa,Jimxthy,2025-04-11,19:33:35,-07:00,2025-04-11T19:33:35-07:00,0,16
resume/style.css,58,css,4f22abaa,Jimxthy,2025-04-11,19:33:35,-07:00,2025-04-11T19:33:35-07:00,0,18
resume/style.css,59,css,4f22abaa,Jimxthy,2025-04-11,19:33:35,-07:00,2025-04-11T19:33:35-07:00,0,19
resume/style.css,60,css,1e9d750f,Jimxthy,2025-04-18,20:41:25,-07:00,2025-04-18T20:41:25-07:00,0,0
resume/style.css,61,css,1e9d750f,Jimxthy,2025-04-18,20:41:25,-07:00,2025-04-18T20:41:25-07:00,0,0
resume/style.css,62,css,1e9d750f,Jimxthy,2025-04-18,20:41:25,-07:00,2025-04-18T20:41:25-07:00,0,14
resume/style.css,63,css,1e9d750f,Jimxthy,2025-04-18,20:41:25,-07:00,2025-04-18T20:41:25-07:00,0,18
resume/style.css,64,css,1e9d750f,Jimxthy,2025-04-18,20:41:25,-07:00,2025-04-18T20:41:25-07:00,0,9
resume/style.css,65,css,1e9d750f,Jimxthy,2025-04-18,20:41:25,-07:00,2025-04-18T20:41:25-07:00,0,11
resume/style.css,66,css,1e9d750f,Jimxthy,2025-04-18,20:41:25,-07:00,2025-04-18T20:41:25-07:00,0,43
resume/style.css,67,css,1e9d750f,Jimxthy,2025-04-18,20:41:25,-07:00,2025-04-18T20:41:25-07:00,0,0
resume/index.html,1,html,c0c1291f,Jimxthy,2025-04-04,18:20:42,-07:00,2025-04-04T18:20:42-07:00,0,14
resume/index.html,2,html,c0c1291f,Jimxthy,2025-04-04,18:20:42,-07:00,2025-04-04T18:20:42-07:00,0,15
resume/index.html,3,html,c0c1291f,Jimxthy,2025-04-04,18:20:42,-07:00,2025-04-04T18:20:42-07:00,0,5
resume/index.html,4,html,c0c1291f,Jimxthy,2025-04-04,18:20:42,-07:00,2025-04-04T18:20:42-07:00,0,21
resume/index.html,5,html,c0c1291f,Jimxthy,2025-04-04,18:20:42,-07:00,2025-04-04T18:20:42-07:00,0,69
resume/index.html,6,html,c0c1291f,Jimxthy,2025-04-04,18:20:42,-07:00,2025-04-04T18:20:42-07:00,0,20
resume/index.html,7,html,fa9ed2ff,Jimxthy,2025-04-18,20:57:36,-07:00,2025-04-18T20:57:36-07:00,0,46
resume/index.html,8,html,234f4939,Jimxthy,2025-04-17,17:56:59,-07:00,2025-04-17T17:56:59-07:00,0,49
resume/index.html,9,html,c0c1291f,Jimxthy,2025-04-04,18:20:42,-07:00,2025-04-04T18:20:42-07:00,0,6
resume/index.html,10,html,c0c1291f,Jimxthy,2025-04-04,18:20:42,-07:00,2025-04-04T18:20:42-07:00,0,5
resume/index.html,11,html,ad950806,Jimxthy,2025-04-17,18:44:05,-07:00,2025-04-17T18:44:05-07:00,0,9
resume/index.html,12,html,4f22abaa,Jimxthy,2025-04-11,19:33:35,-07:00,2025-04-11T19:33:35-07:00,0,31
resume/index.html,13,html,4f22abaa,Jimxthy,2025-04-11,19:33:35,-07:00,2025-04-11T19:33:35-07:00,0,44
resume/index.html,14,html,4f22abaa,Jimxthy,2025-04-11,19:33:35,-07:00,2025-04-11T19:33:35-07:00,0,42
resume/index.html,15,html,4f22abaa,Jimxthy,2025-04-11,19:33:35,-07:00,2025-04-11T19:33:35-07:00,0,62
resume/index.html,16,html,b98c874f,Jimxthy,2025-04-17,18:18:07,-07:00,2025-04-17T18:18:07-07:00,0,31
resume/index.html,17,html,ad950806,Jimxthy,2025-04-17,18:44:05,-07:00,2025-04-17T18:44:05-07:00,0,9
resume/index.html,18,html,c7033c6d,Jimxthy,2025-04-04,19:05:55,-07:00,2025-04-04T19:05:55-07:00,0,14
resume/index.html,19,html,c7033c6d,Jimxthy,2025-04-04,19:05:55,-07:00,2025-04-04T19:05:55-07:00,0,23
resume/index.html,20,html,c7033c6d,Jimxthy,2025-04-04,19:05:55,-07:00,2025-04-04T19:05:55-07:00,0,17
resume/index.html,21,html,c7033c6d,Jimxthy,2025-04-04,19:05:55,-07:00,2025-04-04T19:05:55-07:00,0,8
resume/index.html,22,html,c7033c6d,Jimxthy,2025-04-04,19:05:55,-07:00,2025-04-04T19:05:55-07:00,0,42
resume/index.html,23,html,c7033c6d,Jimxthy,2025-04-04,19:05:55,-07:00,2025-04-04T19:05:55-07:00,0,2
resume/index.html,24,html,c7033c6d,Jimxthy,2025-04-04,19:05:55,-07:00,2025-04-04T19:05:55-07:00,0,47
resume/index.html,25,html,c7033c6d,Jimxthy,2025-04-04,19:05:55,-07:00,2025-04-04T19:05:55-07:00,0,40
resume/index.html,26,html,c7033c6d,Jimxthy,2025-04-04,19:05:55,-07:00,2025-04-04T19:05:55-07:00,0,3
resume/index.html,27,html,c7033c6d,Jimxthy,2025-04-04,19:05:55,-07:00,2025-04-04T19:05:55-07:00,0,9
resume/index.html,28,html,c7033c6d,Jimxthy,2025-04-04,19:05:55,-07:00,2025-04-04T19:05:55-07:00,0,8
resume/index.html,29,html,c7033c6d,Jimxthy,2025-04-04,19:05:55,-07:00,2025-04-04T19:05:55-07:00,0,43
resume/index.html,30,html,c7033c6d,Jimxthy,2025-04-04,19:05:55,-07:00,2025-04-04T19:05:55-07:00,0,39
resume/index.html,31,html,c7033c6d,Jimxthy,2025-04-04,19:05:55,-07:00,2025-04-04T19:05:55-07:00,0,176
resume/index.html,32,html,c7033c6d,Jimxthy,2025-04-04,19:05:55,-07:00,2025-04-04T19:05:55-07:00,0,3
resume/index.html,33,html,c7033c6d,Jimxthy,2025-04-04,19:05:55,-07:00,2025-04-04T19:05:55-07:00,0,9
resume/index.html,34,html,c7033c6d,Jimxthy,2025-04-04,19:05:55,-07:00,2025-04-04T19:05:55-07:00,0,8
resume/index.html,35,html,c7033c6d,Jimxthy,2025-04-04,19:05:55,-07:00,2025-04-04T19:05:55-07:00,0,26
resume/index.html,36,html,c7033c6d,Jimxthy,2025-04-04,19:05:55,-07:00,2025-04-04T19:05:55-07:00,0,39
resume/index.html,37,html,c7033c6d,Jimxthy,2025-04-04,19:05:55,-07:00,2025-04-04T19:05:55-07:00,0,90
resume/index.html,38,html,c7033c6d,Jimxthy,2025-04-04,19:05:55,-07:00,2025-04-04T19:05:55-07:00,0,3
resume/index.html,39,html,c7033c6d,Jimxthy,2025-04-04,19:05:55,-07:00,2025-04-04T19:05:55-07:00,0,9
resume/index.html,40,html,c7033c6d,Jimxthy,2025-04-04,19:05:55,-07:00,2025-04-04T19:05:55-07:00,0,9
resume/index.html,41,html,c7033c6d,Jimxthy,2025-04-04,19:05:55,-07:00,2025-04-04T19:05:55-07:00,0,22
resume/index.html,42,html,c7033c6d,Jimxthy,2025-04-04,19:05:55,-07:00,2025-04-04T19:05:55-07:00,0,16
resume/index.html,43,html,c7033c6d,Jimxthy,2025-04-04,19:05:55,-07:00,2025-04-04T19:05:55-07:00,0,0
resume/index.html,44,html,c7033c6d,Jimxthy,2025-04-04,19:05:55,-07:00,2025-04-04T19:05:55-07:00,0,8
resume/index.html,45,html,c7033c6d,Jimxthy,2025-04-04,19:05:55,-07:00,2025-04-04T19:05:55-07:00,0,42
resume/index.html,46,html,c7033c6d,Jimxthy,2025-04-04,19:05:55,-07:00,2025-04-04T19:05:55-07:00,0,2
resume/index.html,47,html,c7033c6d,Jimxthy,2025-04-04,19:05:55,-07:00,2025-04-04T19:05:55-07:00,0,41
resume/index.html,48,html,c7033c6d,Jimxthy,2025-04-04,19:05:55,-07:00,2025-04-04T19:05:55-07:00,0,3
resume/index.html,49,html,c7033c6d,Jimxthy,2025-04-04,19:05:55,-07:00,2025-04-04T19:05:55-07:00,0,3
resume/index.html,50,html,c7033c6d,Jimxthy,2025-04-04,19:05:55,-07:00,2025-04-04T19:05:55-07:00,0,91
resume/index.html,51,html,c7033c6d,Jimxthy,2025-04-04,19:05:55,-07:00,2025-04-04T19:05:55-07:00,0,74
resume/index.html,52,html,c7033c6d,Jimxthy,2025-04-04,19:05:55,-07:00,2025-04-04T19:05:55-07:00,0,69
resume/index.html,53,html,c7033c6d,Jimxthy,2025-04-04,19:05:55,-07:00,2025-04-04T19:05:55-07:00,0,63
resume/index.html,54,html,c7033c6d,Jimxthy,2025-04-04,19:05:55,-07:00,2025-04-04T19:05:55-07:00,0,62
resume/index.html,55,html,c7033c6d,Jimxthy,2025-04-04,19:05:55,-07:00,2025-04-04T19:05:55-07:00,0,45
resume/index.html,56,html,c7033c6d,Jimxthy,2025-04-04,19:05:55,-07:00,2025-04-04T19:05:55-07:00,0,53
resume/index.html,57,html,c7033c6d,Jimxthy,2025-04-04,19:05:55,-07:00,2025-04-04T19:05:55-07:00,0,4
resume/index.html,58,html,c7033c6d,Jimxthy,2025-04-04,19:05:55,-07:00,2025-04-04T19:05:55-07:00,0,9
resume/index.html,59,html,c7033c6d,Jimxthy,2025-04-04,19:05:55,-07:00,2025-04-04T19:05:55-07:00,0,0
resume/index.html,60,html,c7033c6d,Jimxthy,2025-04-04,19:05:55,-07:00,2025-04-04T19:05:55-07:00,0,8
resume/index.html,61,html,c7033c6d,Jimxthy,2025-04-04,19:05:55,-07:00,2025-04-04T19:05:55-07:00,0,47
resume/index.html,62,html,c7033c6d,Jimxthy,2025-04-04,19:05:55,-07:00,2025-04-04T19:05:55-07:00,0,2
resume/index.html,63,html,c7033c6d,Jimxthy,2025-04-04,19:05:55,-07:00,2025-04-04T19:05:55-07:00,0,46
resume/index.html,64,html,c7033c6d,Jimxthy,2025-04-04,19:05:55,-07:00,2025-04-04T19:05:55-07:00,0,44
resume/index.html,65,html,c7033c6d,Jimxthy,2025-04-04,19:05:55,-07:00,2025-04-04T19:05:55-07:00,0,3
resume/index.html,66,html,c7033c6d,Jimxthy,2025-04-04,19:05:55,-07:00,2025-04-04T19:05:55-07:00,0,3
resume/index.html,67,html,c7033c6d,Jimxthy,2025-04-04,19:05:55,-07:00,2025-04-04T19:05:55-07:00,0,81
resume/index.html,68,html,c7033c6d,Jimxthy,2025-04-04,19:05:55,-07:00,2025-04-04T19:05:55-07:00,0,95
resume/index.html,69,html,c7033c6d,Jimxthy,2025-04-04,19:05:55,-07:00,2025-04-04T19:05:55-07:00,0,88
resume/index.html,70,html,c7033c6d,Jimxthy,2025-04-04,19:05:55,-07:00,2025-04-04T19:05:55-07:00,0,120
resume/index.html,71,html,c7033c6d,Jimxthy,2025-04-04,19:05:55,-07:00,2025-04-04T19:05:55-07:00,0,102
resume/index.html,72,html,c7033c6d,Jimxthy,2025-04-04,19:05:55,-07:00,2025-04-04T19:05:55-07:00,0,98
resume/index.html,73,html,c7033c6d,Jimxthy,2025-04-04,19:05:55,-07:00,2025-04-04T19:05:55-07:00,0,107
resume/index.html,74,html,c7033c6d,Jimxthy,2025-04-04,19:05:55,-07:00,2025-04-04T19:05:55-07:00,0,4
resume/index.html,75,html,c7033c6d,Jimxthy,2025-04-04,19:05:55,-07:00,2025-04-04T19:05:55-07:00,0,9
resume/index.html,76,html,c7033c6d,Jimxthy,2025-04-04,19:05:55,-07:00,2025-04-04T19:05:55-07:00,0,8
resume/index.html,77,html,c7033c6d,Jimxthy,2025-04-04,19:05:55,-07:00,2025-04-04T19:05:55-07:00,0,52
resume/index.html,78,html,c7033c6d,Jimxthy,2025-04-04,19:05:55,-07:00,2025-04-04T19:05:55-07:00,0,2
resume/index.html,79,html,c7033c6d,Jimxthy,2025-04-04,19:05:55,-07:00,2025-04-04T19:05:55-07:00,0,46
resume/index.html,80,html,c7033c6d,Jimxthy,2025-04-04,19:05:55,-07:00,2025-04-04T19:05:55-07:00,0,44
resume/index.html,81,html,c7033c6d,Jimxthy,2025-04-04,19:05:55,-07:00,2025-04-04T19:05:55-07:00,0,3
resume/index.html,82,html,c7033c6d,Jimxthy,2025-04-04,19:05:55,-07:00,2025-04-04T19:05:55-07:00,0,3
resume/index.html,83,html,c7033c6d,Jimxthy,2025-04-04,19:05:55,-07:00,2025-04-04T19:05:55-07:00,0,100
resume/index.html,84,html,c7033c6d,Jimxthy,2025-04-04,19:05:55,-07:00,2025-04-04T19:05:55-07:00,0,107
resume/index.html,85,html,c7033c6d,Jimxthy,2025-04-04,19:05:55,-07:00,2025-04-04T19:05:55-07:00,0,122
resume/index.html,86,html,c7033c6d,Jimxthy,2025-04-04,19:05:55,-07:00,2025-04-04T19:05:55-07:00,0,84
resume/index.html,87,html,c7033c6d,Jimxthy,2025-04-04,19:05:55,-07:00,2025-04-04T19:05:55-07:00,0,4
resume/index.html,88,html,c7033c6d,Jimxthy,2025-04-04,19:05:55,-07:00,2025-04-04T19:05:55-07:00,0,9
resume/index.html,89,html,c7033c6d,Jimxthy,2025-04-04,19:05:55,-07:00,2025-04-04T19:05:55-07:00,0,9
resume/index.html,90,html,c7033c6d,Jimxthy,2025-04-04,19:05:55,-07:00,2025-04-04T19:05:55-07:00,0,30
resume/index.html,91,html,3fe76847,Jimxthy,2025-04-11,19:40:39,-07:00,2025-04-11T19:40:39-07:00,0,24
resume/index.html,92,html,c7033c6d,Jimxthy,2025-04-04,19:05:55,-07:00,2025-04-04T19:05:55-07:00,0,29
resume/index.html,93,html,c7033c6d,Jimxthy,2025-04-04,19:05:55,-07:00,2025-04-04T19:05:55-07:00,0,35
resume/index.html,94,html,c7033c6d,Jimxthy,2025-04-04,19:05:55,-07:00,2025-04-04T19:05:55-07:00,0,3
resume/index.html,95,html,c7033c6d,Jimxthy,2025-04-04,19:05:55,-07:00,2025-04-04T19:05:55-07:00,0,37
resume/index.html,96,html,c7033c6d,Jimxthy,2025-04-04,19:05:55,-07:00,2025-04-04T19:05:55-07:00,0,12
resume/index.html,97,html,c7033c6d,Jimxthy,2025-04-04,19:05:55,-07:00,2025-04-04T19:05:55-07:00,0,3
resume/index.html,98,html,c7033c6d,Jimxthy,2025-04-04,19:05:55,-07:00,2025-04-04T19:05:55-07:00,0,35
resume/index.html,99,html,c7033c6d,Jimxthy,2025-04-04,19:05:55,-07:00,2025-04-04T19:05:55-07:00,0,28
resume/index.html,100,html,c7033c6d,Jimxthy,2025-04-04,19:05:55,-07:00,2025-04-04T19:05:55-07:00,0,3
resume/index.html,101,html,c7033c6d,Jimxthy,2025-04-04,19:05:55,-07:00,2025-04-04T19:05:55-07:00,0,42
resume/index.html,102,html,c7033c6d,Jimxthy,2025-04-04,19:05:55,-07:00,2025-04-04T19:05:55-07:00,0,47
resume/index.html,103,html,c7033c6d,Jimxthy,2025-04-04,19:05:55,-07:00,2025-04-04T19:05:55-07:00,0,3
resume/index.html,104,html,c7033c6d,Jimxthy,2025-04-04,19:05:55,-07:00,2025-04-04T19:05:55-07:00,0,9
resume/index.html,105,html,c0c1291f,Jimxthy,2025-04-04,18:20:42,-07:00,2025-04-04T18:20:42-07:00,0,6
resume/index.html,106,html,c0c1291f,Jimxthy,2025-04-04,18:20:42,-07:00,2025-04-04T18:20:42-07:00,0,6
projects/projects.js,1,js,2547d312,Jimxthy,2025-04-25,19:52:19,-07:00,2025-04-25T19:52:19-07:00,0,56
projects/projects.js,2,js,2547d312,Jimxthy,2025-04-25,19:52:19,-07:00,2025-04-25T19:52:19-07:00,0,0
projects/projects.js,3,js,2547d312,Jimxthy,2025-04-25,19:52:19,-07:00,2025-04-25T19:52:19-07:00,0,56
projects/projects.js,4,js,2547d312,Jimxthy,2025-04-25,19:52:19,-07:00,2025-04-25T19:52:19-07:00,0,0
projects/projects.js,5,js,2547d312,Jimxthy,2025-04-25,19:52:19,-07:00,2025-04-25T19:52:19-07:00,0,61
projects/projects.js,6,js,2547d312,Jimxthy,2025-04-25,19:52:19,-07:00,2025-04-25T19:52:19-07:00,0,0
projects/projects.js,7,js,2547d312,Jimxthy,2025-04-25,19:52:19,-07:00,2025-04-25T19:52:19-07:00,0,49
projects/projects.js,8,js,2547d312,Jimxthy,2025-04-25,19:52:19,-07:00,2025-04-25T19:52:19-07:00,0,0
projects/projects.js,9,js,e5efed7c,Jimxthy,2025-05-02,20:36:52,-07:00,2025-05-02T20:36:52-07:00,0,21
projects/projects.js,10,js,e5efed7c,Jimxthy,2025-05-02,20:36:52,-07:00,2025-05-02T20:36:52-07:00,0,0
projects/projects.js,11,js,e5efed7c,Jimxthy,2025-05-02,20:36:52,-07:00,2025-05-02T20:36:52-07:00,0,64
projects/projects.js,12,js,e5efed7c,Jimxthy,2025-05-02,20:36:52,-07:00,2025-05-02T20:36:52-07:00,0,58
projects/projects.js,13,js,e5efed7c,Jimxthy,2025-05-02,20:36:52,-07:00,2025-05-02T20:36:52-07:00,0,0
projects/projects.js,14,js,e5efed7c,Jimxthy,2025-05-02,20:36:52,-07:00,2025-05-02T20:36:52-07:00,0,48
projects/projects.js,15,js,e5efed7c,Jimxthy,2025-05-02,20:36:52,-07:00,2025-05-02T20:36:52-07:00,0,0
projects/projects.js,16,js,e5efed7c,Jimxthy,2025-05-02,20:36:52,-07:00,2025-05-02T20:36:52-07:00,0,27
projects/projects.js,17,js,e5efed7c,Jimxthy,2025-05-02,20:36:52,-07:00,2025-05-02T20:36:52-07:00,0,8
projects/projects.js,18,js,e5efed7c,Jimxthy,2025-05-02,20:36:52,-07:00,2025-05-02T20:36:52-07:00,0,15
projects/projects.js,19,js,e5efed7c,Jimxthy,2025-05-02,20:36:52,-07:00,2025-05-02T20:36:52-07:00,0,13
projects/projects.js,20,js,e5efed7c,Jimxthy,2025-05-02,20:36:52,-07:00,2025-05-02T20:36:52-07:00,0,1
projects/projects.js,21,js,e5efed7c,Jimxthy,2025-05-02,20:36:52,-07:00,2025-05-02T20:36:52-07:00,0,45
projects/projects.js,22,js,e5efed7c,Jimxthy,2025-05-02,20:36:52,-07:00,2025-05-02T20:36:52-07:00,0,36
projects/projects.js,23,js,e5efed7c,Jimxthy,2025-05-02,20:36:52,-07:00,2025-05-02T20:36:52-07:00,0,2
projects/projects.js,24,js,e5efed7c,Jimxthy,2025-05-02,20:36:52,-07:00,2025-05-02T20:36:52-07:00,0,0
projects/projects.js,25,js,e5efed7c,Jimxthy,2025-05-02,20:36:52,-07:00,2025-05-02T20:36:52-07:00,0,0
projects/projects.js,26,js,e5efed7c,Jimxthy,2025-05-02,20:36:52,-07:00,2025-05-02T20:36:52-07:00,0,0
projects/projects.js,27,js,e5efed7c,Jimxthy,2025-05-02,20:36:52,-07:00,2025-05-02T20:36:52-07:00,0,51
projects/projects.js,28,js,e5efed7c,Jimxthy,2025-05-02,20:36:52,-07:00,2025-05-02T20:36:52-07:00,0,0
projects/projects.js,29,js,e5efed7c,Jimxthy,2025-05-02,20:36:52,-07:00,2025-05-02T20:36:52-07:00,0,34
projects/projects.js,30,js,e5efed7c,Jimxthy,2025-05-02,20:36:52,-07:00,2025-05-02T20:36:52-07:00,0,46
projects/projects.js,31,js,e5efed7c,Jimxthy,2025-05-02,20:36:52,-07:00,2025-05-02T20:36:52-07:00,0,0
projects/projects.js,32,js,e5efed7c,Jimxthy,2025-05-02,20:36:52,-07:00,2025-05-02T20:36:52-07:00,0,0
projects/projects.js,33,js,e5efed7c,Jimxthy,2025-05-02,20:36:52,-07:00,2025-05-02T20:36:52-07:00,0,0
projects/projects.js,34,js,e5efed7c,Jimxthy,2025-05-02,20:36:52,-07:00,2025-05-02T20:36:52-07:00,0,27
projects/projects.js,35,js,e5efed7c,Jimxthy,2025-05-02,20:36:52,-07:00,2025-05-02T20:36:52-07:00,0,55
projects/projects.js,36,js,e5efed7c,Jimxthy,2025-05-02,20:36:52,-07:00,2025-05-02T20:36:52-07:00,0,72
projects/projects.js,37,js,e5efed7c,Jimxthy,2025-05-02,20:36:52,-07:00,2025-05-02T20:36:52-07:00,0,2
projects/projects.js,38,js,e5efed7c,Jimxthy,2025-05-02,20:36:52,-07:00,2025-05-02T20:36:52-07:00,0,0
projects/projects.js,39,js,e5efed7c,Jimxthy,2025-05-02,20:36:52,-07:00,2025-05-02T20:36:52-07:00,0,0
projects/projects.js,40,js,e5efed7c,Jimxthy,2025-05-02,20:36:52,-07:00,2025-05-02T20:36:52-07:00,0,33
projects/projects.js,41,js,e5efed7c,Jimxthy,2025-05-02,20:36:52,-07:00,2025-05-02T20:36:52-07:00,0,25
projects/projects.js,42,js,e5efed7c,Jimxthy,2025-05-02,20:36:52,-07:00,2025-05-02T20:36:52-07:00,0,5
projects/projects.js,43,js,e5efed7c,Jimxthy,2025-05-02,20:36:52,-07:00,2025-05-02T20:36:52-07:00,0,12
projects/projects.js,44,js,e5efed7c,Jimxthy,2025-05-02,20:36:52,-07:00,2025-05-02T20:36:52-07:00,0,94
projects/projects.js,45,js,e5efed7c,Jimxthy,2025-05-02,20:36:52,-07:00,2025-05-02T20:36:52-07:00,0,100
projects/projects.js,46,js,e5efed7c,Jimxthy,2025-05-02,20:36:52,-07:00,2025-05-02T20:36:52-07:00,0,2
projects/projects.js,47,js,e5efed7c,Jimxthy,2025-05-02,20:36:52,-07:00,2025-05-02T20:36:52-07:00,0,0
projects/projects.js,48,js,e5efed7c,Jimxthy,2025-05-02,20:36:52,-07:00,2025-05-02T20:36:52-07:00,0,14
projects/projects.js,49,js,e5efed7c,Jimxthy,2025-05-02,20:36:52,-07:00,2025-05-02T20:36:52-07:00,0,54
projects/projects.js,50,js,e5efed7c,Jimxthy,2025-05-02,20:36:52,-07:00,2025-05-02T20:36:52-07:00,0,0
projects/projects.js,51,js,e5efed7c,Jimxthy,2025-05-02,20:36:52,-07:00,2025-05-02T20:36:52-07:00,0,41
projects/projects.js,52,js,e5efed7c,Jimxthy,2025-05-02,20:36:52,-07:00,2025-05-02T20:36:52-07:00,0,39
projects/projects.js,53,js,e5efed7c,Jimxthy,2025-05-02,20:36:52,-07:00,2025-05-02T20:36:52-07:00,0,26
projects/projects.js,54,js,e5efed7c,Jimxthy,2025-05-02,20:36:52,-07:00,2025-05-02T20:36:52-07:00,0,30
projects/projects.js,55,js,e5efed7c,Jimxthy,2025-05-02,20:36:52,-07:00,2025-05-02T20:36:52-07:00,0,13
projects/projects.js,56,js,e5efed7c,Jimxthy,2025-05-02,20:36:52,-07:00,2025-05-02T20:36:52-07:00,0,15
projects/projects.js,57,js,e5efed7c,Jimxthy,2025-05-02,20:36:52,-07:00,2025-05-02T20:36:52-07:00,0,13
projects/projects.js,58,js,e5efed7c,Jimxthy,2025-05-02,20:36:52,-07:00,2025-05-02T20:36:52-07:00,0,1
projects/projects.js,59,js,e5efed7c,Jimxthy,2025-05-02,20:36:52,-07:00,2025-05-02T20:36:52-07:00,0,19
projects/projects.js,60,js,e5efed7c,Jimxthy,2025-05-02,20:36:52,-07:00,2025-05-02T20:36:52-07:00,0,51
projects/projects.js,61,js,e5efed7c,Jimxthy,2025-05-02,20:36:52,-07:00,2025-05-02T20:36:52-07:00,0,43
projects/projects.js,62,js,e5efed7c,Jimxthy,2025-05-02,20:36:52,-07:00,2025-05-02T20:36:52-07:00,0,2
projects/projects.js,63,js,e5efed7c,Jimxthy,2025-05-02,20:36:52,-07:00,2025-05-02T20:36:52-07:00,0,51
projects/projects.js,64,js,e5efed7c,Jimxthy,2025-05-02,20:36:52,-07:00,2025-05-02T20:36:52-07:00,0,54
projects/projects.js,65,js,e5efed7c,Jimxthy,2025-05-02,20:36:52,-07:00,2025-05-02T20:36:52-07:00,0,43
projects/projects.js,66,js,e5efed7c,Jimxthy,2025-05-02,20:36:52,-07:00,2025-05-02T20:36:52-07:00,0,50
projects/projects.js,67,js,e5efed7c,Jimxthy,2025-05-02,20:36:52,-07:00,2025-05-02T20:36:52-07:00,0,34
projects/projects.js,68,js,e5efed7c,Jimxthy,2025-05-02,20:36:52,-07:00,2025-05-02T20:36:52-07:00,0,43
projects/projects.js,69,js,e5efed7c,Jimxthy,2025-05-02,20:36:52,-07:00,2025-05-02T20:36:52-07:00,0,45
projects/projects.js,70,js,e5efed7c,Jimxthy,2025-05-02,20:36:52,-07:00,2025-05-02T20:36:52-07:00,0,54
projects/projects.js,71,js,e5efed7c,Jimxthy,2025-05-02,20:36:52,-07:00,2025-05-02T20:36:52-07:00,0,33
projects/projects.js,72,js,e5efed7c,Jimxthy,2025-05-02,20:36:52,-07:00,2025-05-02T20:36:52-07:00,0,15
projects/projects.js,73,js,e5efed7c,Jimxthy,2025-05-02,20:36:52,-07:00,2025-05-02T20:36:52-07:00,0,14
projects/projects.js,74,js,e5efed7c,Jimxthy,2025-05-02,20:36:52,-07:00,2025-05-02T20:36:52-07:00,0,17
projects/projects.js,75,js,e5efed7c,Jimxthy,2025-05-02,20:36:52,-07:00,2025-05-02T20:36:52-07:00,0,26
projects/projects.js,76,js,e5efed7c,Jimxthy,2025-05-02,20:36:52,-07:00,2025-05-02T20:36:52-07:00,0,1
projects/projects.js,77,js,e5efed7c,Jimxthy,2025-05-02,20:36:52,-07:00,2025-05-02T20:36:52-07:00,0,33
projects/projects.js,78,js,e5efed7c,Jimxthy,2025-05-02,20:36:52,-07:00,2025-05-02T20:36:52-07:00,0,28
projects/projects.js,79,js,e5efed7c,Jimxthy,2025-05-02,20:36:52,-07:00,2025-05-02T20:36:52-07:00,0,5
projects/projects.js,80,js,e5efed7c,Jimxthy,2025-05-02,20:36:52,-07:00,2025-05-02T20:36:52-07:00,0,12
projects/projects.js,81,js,e5efed7c,Jimxthy,2025-05-02,20:36:52,-07:00,2025-05-02T20:36:52-07:00,0,94
projects/projects.js,82,js,e5efed7c,Jimxthy,2025-05-02,20:36:52,-07:00,2025-05-02T20:36:52-07:00,0,100
projects/projects.js,83,js,e5efed7c,Jimxthy,2025-05-02,20:36:52,-07:00,2025-05-02T20:36:52-07:00,0,2
projects/projects.js,84,js,e5efed7c,Jimxthy,2025-05-02,20:36:52,-07:00,2025-05-02T20:36:52-07:00,0,0
projects/projects.js,85,js,e5efed7c,Jimxthy,2025-05-02,20:36:52,-07:00,2025-05-02T20:36:52-07:00,0,0
projects/projects.js,86,js,e5efed7c,Jimxthy,2025-05-02,20:36:52,-07:00,2025-05-02T20:36:52-07:00,0,0
projects/projects.js,87,js,e5efed7c,Jimxthy,2025-05-02,20:36:52,-07:00,2025-05-02T20:36:52-07:00,0,33
projects/projects.js,88,js,e5efed7c,Jimxthy,2025-05-02,20:36:52,-07:00,2025-05-02T20:36:52-07:00,0,24
projects/projects.js,89,js,e5efed7c,Jimxthy,2025-05-02,20:36:52,-07:00,2025-05-02T20:36:52-07:00,0,0
projects/projects.js,90,js,e5efed7c,Jimxthy,2025-05-02,20:36:52,-07:00,2025-05-02T20:36:52-07:00,0,50
projects/projects.js,91,js,e5efed7c,Jimxthy,2025-05-02,20:36:52,-07:00,2025-05-02T20:36:52-07:00,0,20
projects/projects.js,92,js,e5efed7c,Jimxthy,2025-05-02,20:36:52,-07:00,2025-05-02T20:36:52-07:00,0,26
projects/projects.js,93,js,e5efed7c,Jimxthy,2025-05-02,20:36:52,-07:00,2025-05-02T20:36:52-07:00,0,17
projects/projects.js,94,js,e5efed7c,Jimxthy,2025-05-02,20:36:52,-07:00,2025-05-02T20:36:52-07:00,0,52
projects/projects.js,95,js,e5efed7c,Jimxthy,2025-05-02,20:36:52,-07:00,2025-05-02T20:36:52-07:00,0,60
projects/projects.js,96,js,e5efed7c,Jimxthy,2025-05-02,20:36:52,-07:00,2025-05-02T20:36:52-07:00,0,43
projects/projects.js,97,js,e5efed7c,Jimxthy,2025-05-02,20:36:52,-07:00,2025-05-02T20:36:52-07:00,0,2
projects/projects.js,98,js,e5efed7c,Jimxthy,2025-05-02,20:36:52,-07:00,2025-05-02T20:36:52-07:00,0,26
projects/projects.js,99,js,e5efed7c,Jimxthy,2025-05-02,20:36:52,-07:00,2025-05-02T20:36:52-07:00,0,57
projects/projects.js,100,js,e5efed7c,Jimxthy,2025-05-02,20:36:52,-07:00,2025-05-02T20:36:52-07:00,0,31
projects/projects.js,101,js,e5efed7c,Jimxthy,2025-05-02,20:36:52,-07:00,2025-05-02T20:36:52-07:00,0,2
projects/projects.js,102,js,e5efed7c,Jimxthy,2025-05-02,20:36:52,-07:00,2025-05-02T20:36:52-07:00,0,0
projects/projects.js,103,js,e5efed7c,Jimxthy,2025-05-02,20:36:52,-07:00,2025-05-02T20:36:52-07:00,0,22
projects/projects.js,104,js,e5efed7c,Jimxthy,2025-05-02,20:36:52,-07:00,2025-05-02T20:36:52-07:00,0,26
projects/projects.js,105,js,e5efed7c,Jimxthy,2025-05-02,20:36:52,-07:00,2025-05-02T20:36:52-07:00,0,30
projects/projects.js,106,js,e5efed7c,Jimxthy,2025-05-02,20:36:52,-07:00,2025-05-02T20:36:52-07:00,0,0
projects/projects.js,107,js,e5efed7c,Jimxthy,2025-05-02,20:36:52,-07:00,2025-05-02T20:36:52-07:00,0,39
projects/projects.js,108,js,e5efed7c,Jimxthy,2025-05-02,20:36:52,-07:00,2025-05-02T20:36:52-07:00,0,25
projects/projects.js,109,js,e5efed7c,Jimxthy,2025-05-02,20:36:52,-07:00,2025-05-02T20:36:52-07:00,0,2
projects/projects.js,110,js,e5efed7c,Jimxthy,2025-05-02,20:36:52,-07:00,2025-05-02T20:36:52-07:00,0,14
projects/projects.js,111,js,e5efed7c,Jimxthy,2025-05-02,20:36:52,-07:00,2025-05-02T20:36:52-07:00,0,14
projects/projects.js,112,js,e5efed7c,Jimxthy,2025-05-02,20:36:52,-07:00,2025-05-02T20:36:52-07:00,0,23
projects/projects.js,113,js,e5efed7c,Jimxthy,2025-05-02,20:36:52,-07:00,2025-05-02T20:36:52-07:00,0,19
projects/projects.js,114,js,e5efed7c,Jimxthy,2025-05-02,20:36:52,-07:00,2025-05-02T20:36:52-07:00,0,23
projects/projects.js,115,js,e5efed7c,Jimxthy,2025-05-02,20:36:52,-07:00,2025-05-02T20:36:52-07:00,0,44
projects/projects.js,116,js,e5efed7c,Jimxthy,2025-05-02,20:36:52,-07:00,2025-05-02T20:36:52-07:00,0,0
projects/projects.js,117,js,e5efed7c,Jimxthy,2025-05-02,20:36:52,-07:00,2025-05-02T20:36:52-07:00,0,22
projects/projects.js,118,js,e5efed7c,Jimxthy,2025-05-02,20:36:52,-07:00,2025-05-02T20:36:52-07:00,0,2
projects/projects.js,119,js,e5efed7c,Jimxthy,2025-05-02,20:36:52,-07:00,2025-05-02T20:36:52-07:00,0,17
projects/projects.js,120,js,e5efed7c,Jimxthy,2025-05-02,20:36:52,-07:00,2025-05-02T20:36:52-07:00,0,27
projects/projects.js,121,js,e5efed7c,Jimxthy,2025-05-02,20:36:52,-07:00,2025-05-02T20:36:52-07:00,0,35
projects/projects.js,122,js,e5efed7c,Jimxthy,2025-05-02,20:36:52,-07:00,2025-05-02T20:36:52-07:00,0,44
projects/projects.js,123,js,e5efed7c,Jimxthy,2025-05-02,20:36:52,-07:00,2025-05-02T20:36:52-07:00,0,19
projects/projects.js,124,js,e5efed7c,Jimxthy,2025-05-02,20:36:52,-07:00,2025-05-02T20:36:52-07:00,0,2
projects/projects.js,125,js,e5efed7c,Jimxthy,2025-05-02,20:36:52,-07:00,2025-05-02T20:36:52-07:00,0,0
projects/projects.js,126,js,e5efed7c,Jimxthy,2025-05-02,20:36:52,-07:00,2025-05-02T20:36:52-07:00,0,0
projects/projects.js,127,js,e5efed7c,Jimxthy,2025-05-02,20:36:52,-07:00,2025-05-02T20:36:52-07:00,0,23
projects/projects.js,128,js,e5efed7c,Jimxthy,2025-05-02,20:36:52,-07:00,2025-05-02T20:36:52-07:00,0,19
projects/projects.js,129,js,e5efed7c,Jimxthy,2025-05-02,20:36:52,-07:00,2025-05-02T20:36:52-07:00,0,15
projects/projects.js,130,js,e5efed7c,Jimxthy,2025-05-02,20:36:52,-07:00,2025-05-02T20:36:52-07:00,0,27
projects/projects.js,131,js,e5efed7c,Jimxthy,2025-05-02,20:36:52,-07:00,2025-05-02T20:36:52-07:00,0,35
projects/projects.js,132,js,e5efed7c,Jimxthy,2025-05-02,20:36:52,-07:00,2025-05-02T20:36:52-07:00,0,44
projects/projects.js,133,js,e5efed7c,Jimxthy,2025-05-02,20:36:52,-07:00,2025-05-02T20:36:52-07:00,0,19
projects/projects.js,134,js,e5efed7c,Jimxthy,2025-05-02,20:36:52,-07:00,2025-05-02T20:36:52-07:00,0,2
projects/projects.js,135,js,e5efed7c,Jimxthy,2025-05-02,20:36:52,-07:00,2025-05-02T20:36:52-07:00,0,0
projects/projects.js,136,js,e5efed7c,Jimxthy,2025-05-02,20:36:52,-07:00,2025-05-02T20:36:52-07:00,0,0
projects/projects.js,137,js,e5efed7c,Jimxthy,2025-05-02,20:36:52,-07:00,2025-05-02T20:36:52-07:00,0,21
projects/projects.js,138,js,e5efed7c,Jimxthy,2025-05-02,20:36:52,-07:00,2025-05-02T20:36:52-07:00,0,26
projects/projects.js,139,js,e5efed7c,Jimxthy,2025-05-02,20:36:52,-07:00,2025-05-02T20:36:52-07:00,0,49
projects/projects.js,140,js,e5efed7c,Jimxthy,2025-05-02,20:36:52,-07:00,2025-05-02T20:36:52-07:00,0,7
projects/projects.js,141,js,e5efed7c,Jimxthy,2025-05-02,20:36:52,-07:00,2025-05-02T20:36:52-07:00,0,44
projects/projects.js,142,js,e5efed7c,Jimxthy,2025-05-02,20:36:52,-07:00,2025-05-02T20:36:52-07:00,0,70
projects/projects.js,143,js,e5efed7c,Jimxthy,2025-05-02,20:36:52,-07:00,2025-05-02T20:36:52-07:00,0,49
projects/projects.js,144,js,e5efed7c,Jimxthy,2025-05-02,20:36:52,-07:00,2025-05-02T20:36:52-07:00,0,0
projects/projects.js,145,js,e5efed7c,Jimxthy,2025-05-02,20:36:52,-07:00,2025-05-02T20:36:52-07:00,0,2
projects/projects.js,146,js,e5efed7c,Jimxthy,2025-05-02,20:36:52,-07:00,2025-05-02T20:36:52-07:00,0,2
projects/projects.js,147,js,e5efed7c,Jimxthy,2025-05-02,20:36:52,-07:00,2025-05-02T20:36:52-07:00,0,0
projects/projects.js,148,js,e5efed7c,Jimxthy,2025-05-02,20:36:52,-07:00,2025-05-02T20:36:52-07:00,0,0
projects/projects.js,149,js,e5efed7c,Jimxthy,2025-05-02,20:36:52,-07:00,2025-05-02T20:36:52-07:00,0,0
projects/projects.js,150,js,e5efed7c,Jimxthy,2025-05-02,20:36:52,-07:00,2025-05-02T20:36:52-07:00,0,0
projects/projects.js,151,js,e5efed7c,Jimxthy,2025-05-02,20:36:52,-07:00,2025-05-02T20:36:52-07:00,0,0
projects/projects.js,152,js,e5efed7c,Jimxthy,2025-05-02,20:36:52,-07:00,2025-05-02T20:36:52-07:00,0,0
projects/projects.js,153,js,e5efed7c,Jimxthy,2025-05-02,20:36:52,-07:00,2025-05-02T20:36:52-07:00,0,0
projects/index.html,1,html,7bff5f6f,Jimxthy,2025-04-03,17:50:32,-07:00,2025-04-03T17:50:32-07:00,0,14
projects/index.html,2,html,7bff5f6f,Jimxthy,2025-04-03,17:50:32,-07:00,2025-04-03T17:50:32-07:00,0,15
projects/index.html,3,html,7bff5f6f,Jimxthy,2025-04-03,17:50:32,-07:00,2025-04-03T17:50:32-07:00,0,5
projects/index.html,4,html,7bff5f6f,Jimxthy,2025-04-03,17:50:32,-07:00,2025-04-03T17:50:32-07:00,0,21
projects/index.html,5,html,7bff5f6f,Jimxthy,2025-04-03,17:50:32,-07:00,2025-04-03T17:50:32-07:00,0,69
projects/index.html,6,html,7bff5f6f,Jimxthy,2025-04-03,17:50:32,-07:00,2025-04-03T17:50:32-07:00,0,22
projects/index.html,7,html,4f22abaa,Jimxthy,2025-04-11,19:33:35,-07:00,2025-04-11T19:33:35-07:00,0,46
projects/index.html,8,html,234f4939,Jimxthy,2025-04-17,17:56:59,-07:00,2025-04-17T17:56:59-07:00,0,49
projects/index.html,9,html,2547d312,Jimxthy,2025-04-25,19:52:19,-07:00,2025-04-25T19:52:19-07:00,0,49
projects/index.html,10,html,2547d312,Jimxthy,2025-04-25,19:52:19,-07:00,2025-04-25T19:52:19-07:00,0,48
projects/index.html,11,html,7bff5f6f,Jimxthy,2025-04-03,17:50:32,-07:00,2025-04-03T17:50:32-07:00,0,6
projects/index.html,12,html,7bff5f6f,Jimxthy,2025-04-03,17:50:32,-07:00,2025-04-03T17:50:32-07:00,0,5
projects/index.html,13,html,2547d312,Jimxthy,2025-04-25,19:52:19,-07:00,2025-04-25T19:52:19-07:00,0,50
projects/index.html,14,html,e5efed7c,Jimxthy,2025-05-02,20:36:52,-07:00,2025-05-02T20:36:52-07:00,0,22
projects/index.html,15,html,e5efed7c,Jimxthy,2025-05-02,20:36:52,-07:00,2025-05-02T20:36:52-07:00,0,30
projects/index.html,16,html,e5efed7c,Jimxthy,2025-05-02,20:36:52,-07:00,2025-05-02T20:36:52-07:00,0,11
projects/index.html,17,html,e5efed7c,Jimxthy,2025-05-02,20:36:52,-07:00,2025-05-02T20:36:52-07:00,0,5
projects/index.html,18,html,e5efed7c,Jimxthy,2025-05-02,20:36:52,-07:00,2025-05-02T20:36:52-07:00,0,18
projects/index.html,19,html,e5efed7c,Jimxthy,2025-05-02,20:36:52,-07:00,2025-05-02T20:36:52-07:00,0,11
projects/index.html,20,html,e5efed7c,Jimxthy,2025-05-02,20:36:52,-07:00,2025-05-02T20:36:52-07:00,0,4
projects/index.html,21,html,e5efed7c,Jimxthy,2025-05-02,20:36:52,-07:00,2025-05-02T20:36:52-07:00,0,5
projects/index.html,22,html,e5efed7c,Jimxthy,2025-05-02,20:36:52,-07:00,2025-05-02T20:36:52-07:00,0,5
projects/index.html,23,html,e5efed7c,Jimxthy,2025-05-02,20:36:52,-07:00,2025-05-02T20:36:52-07:00,0,16
projects/index.html,24,html,e5efed7c,Jimxthy,2025-05-02,20:36:52,-07:00,2025-05-02T20:36:52-07:00,0,12
projects/index.html,25,html,e5efed7c,Jimxthy,2025-05-02,20:36:52,-07:00,2025-05-02T20:36:52-07:00,0,27
projects/index.html,26,html,e5efed7c,Jimxthy,2025-05-02,20:36:52,-07:00,2025-05-02T20:36:52-07:00,0,32
projects/index.html,27,html,e5efed7c,Jimxthy,2025-05-02,20:36:52,-07:00,2025-05-02T20:36:52-07:00,0,1
projects/index.html,28,html,e5efed7c,Jimxthy,2025-05-02,20:36:52,-07:00,2025-05-02T20:36:52-07:00,0,0
projects/index.html,29,html,e5efed7c,Jimxthy,2025-05-02,20:36:52,-07:00,2025-05-02T20:36:52-07:00,0,0
projects/index.html,30,html,e5efed7c,Jimxthy,2025-05-02,20:36:52,-07:00,2025-05-02T20:36:52-07:00,0,0
projects/index.html,31,html,e5efed7c,Jimxthy,2025-05-02,20:36:52,-07:00,2025-05-02T20:36:52-07:00,0,0
projects/index.html,32,html,4f22abaa,Jimxthy,2025-04-11,19:33:35,-07:00,2025-04-11T19:33:35-07:00,0,21
projects/index.html,33,html,2547d312,Jimxthy,2025-04-25,19:52:19,-07:00,2025-04-25T19:52:19-07:00,0,0
projects/index.html,34,html,4f22abaa,Jimxthy,2025-04-11,19:33:35,-07:00,2025-04-11T19:33:35-07:00,0,5
projects/index.html,35,html,e5efed7c,Jimxthy,2025-05-02,20:36:52,-07:00,2025-05-02T20:36:52-07:00,0,0
projects/index.html,36,html,4f22abaa,Jimxthy,2025-04-11,19:33:35,-07:00,2025-04-11T19:33:35-07:00,0,0
projects/index.html,37,html,7bff5f6f,Jimxthy,2025-04-03,17:50:32,-07:00,2025-04-03T17:50:32-07:00,0,6
projects/index.html,38,html,7bff5f6f,Jimxthy,2025-04-03,17:50:32,-07:00,2025-04-03T17:50:32-07:00,0,6
contact/index.html,1,html,7bff5f6f,Jimxthy,2025-04-03,17:50:32,-07:00,2025-04-03T17:50:32-07:00,0,14
contact/index.html,2,html,7bff5f6f,Jimxthy,2025-04-03,17:50:32,-07:00,2025-04-03T17:50:32-07:00,0,15
contact/index.html,3,html,7bff5f6f,Jimxthy,2025-04-03,17:50:32,-07:00,2025-04-03T17:50:32-07:00,0,5
contact/index.html,4,html,7bff5f6f,Jimxthy,2025-04-03,17:50:32,-07:00,2025-04-03T17:50:32-07:00,0,21
contact/index.html,5,html,7bff5f6f,Jimxthy,2025-04-03,17:50:32,-07:00,2025-04-03T17:50:32-07:00,0,69
contact/index.html,6,html,7bff5f6f,Jimxthy,2025-04-03,17:50:32,-07:00,2025-04-03T17:50:32-07:00,0,21
contact/index.html,7,html,4f22abaa,Jimxthy,2025-04-11,19:33:35,-07:00,2025-04-11T19:33:35-07:00,0,46
contact/index.html,8,html,234f4939,Jimxthy,2025-04-17,17:56:59,-07:00,2025-04-17T17:56:59-07:00,0,49
contact/index.html,9,html,7bff5f6f,Jimxthy,2025-04-03,17:50:32,-07:00,2025-04-03T17:50:32-07:00,0,6
contact/index.html,10,html,7bff5f6f,Jimxthy,2025-04-03,17:50:32,-07:00,2025-04-03T17:50:32-07:00,0,5
contact/index.html,11,html,ad950806,Jimxthy,2025-04-17,18:44:05,-07:00,2025-04-17T18:44:05-07:00,0,9
contact/index.html,12,html,4f22abaa,Jimxthy,2025-04-11,19:33:35,-07:00,2025-04-11T19:33:35-07:00,0,31
contact/index.html,13,html,4f22abaa,Jimxthy,2025-04-11,19:33:35,-07:00,2025-04-11T19:33:35-07:00,0,44
contact/index.html,14,html,b98c874f,Jimxthy,2025-04-17,18:18:07,-07:00,2025-04-17T18:18:07-07:00,0,31
contact/index.html,15,html,4f22abaa,Jimxthy,2025-04-11,19:33:35,-07:00,2025-04-11T19:33:35-07:00,0,62
contact/index.html,16,html,4f22abaa,Jimxthy,2025-04-11,19:33:35,-07:00,2025-04-11T19:33:35-07:00,0,40
contact/index.html,17,html,ad950806,Jimxthy,2025-04-17,18:44:05,-07:00,2025-04-17T18:44:05-07:00,0,9
contact/index.html,18,html,4f22abaa,Jimxthy,2025-04-11,19:33:35,-07:00,2025-04-11T19:33:35-07:00,0,15
contact/index.html,19,html,96d86a75,Jimxthy,2025-04-04,18:09:07,-07:00,2025-04-04T18:09:07-07:00,0,72
contact/index.html,20,html,96d86a75,Jimxthy,2025-04-04,18:09:07,-07:00,2025-04-04T18:09:07-07:00,0,6
contact/index.html,21,html,96d86a75,Jimxthy,2025-04-04,18:09:07,-07:00,2025-04-04T18:09:07-07:00,0,5
contact/index.html,22,html,96d86a75,Jimxthy,2025-04-04,18:09:07,-07:00,2025-04-04T18:09:07-07:00,0,41
contact/index.html,23,html,96d86a75,Jimxthy,2025-04-04,18:09:07,-07:00,2025-04-04T18:09:07-07:00,0,7
contact/index.html,24,html,96d86a75,Jimxthy,2025-04-04,18:09:07,-07:00,2025-04-04T18:09:07-07:00,0,6
contact/index.html,25,html,96d86a75,Jimxthy,2025-04-04,18:09:07,-07:00,2025-04-04T18:09:07-07:00,0,7
contact/index.html,26,html,96d86a75,Jimxthy,2025-04-04,18:09:07,-07:00,2025-04-04T18:09:07-07:00,0,21
contact/index.html,27,html,96d86a75,Jimxthy,2025-04-04,18:09:07,-07:00,2025-04-04T18:09:07-07:00,0,7
contact/index.html,28,html,96d86a75,Jimxthy,2025-04-04,18:09:07,-07:00,2025-04-04T18:09:07-07:00,0,6
contact/index.html,29,html,96d86a75,Jimxthy,2025-04-04,18:09:07,-07:00,2025-04-04T18:09:07-07:00,0,7
contact/index.html,30,html,96d86a75,Jimxthy,2025-04-04,18:09:07,-07:00,2025-04-04T18:09:07-07:00,0,32
contact/index.html,31,html,96d86a75,Jimxthy,2025-04-04,18:09:07,-07:00,2025-04-04T18:09:07-07:00,0,7
contact/index.html,32,html,4f22abaa,Jimxthy,2025-04-11,19:33:35,-07:00,2025-04-11T19:33:35-07:00,0,20
contact/index.html,33,html,96d86a75,Jimxthy,2025-04-04,18:09:07,-07:00,2025-04-04T18:09:07-07:00,0,6
contact/index.html,34,html,7bff5f6f,Jimxthy,2025-04-03,17:50:32,-07:00,2025-04-03T17:50:32-07:00,0,6
contact/index.html,35,html,7bff5f6f,Jimxthy,2025-04-03,17:50:32,-07:00,2025-04-03T17:50:32-07:00,0,6
